[
    {
        "content": "台大保健中心醫生剛剛提出警告： 目前急凍就診人數大增，請民眾一定要增加保暖，所有冬季衣服在家也穿上，衛生衣，衛生褲，暖襪皆可穿2件以上保暖【就只有這些天可穿】。 頭帽、圍巾請通通戴上、圍上；多喝溫熱開水，清洗盡量用熱水，另外老人家不建議洗澡，溫度回升再洗即可。 晚上窗戶關緊，因為室外溫度比冰箱低《一般冰箱冷藏為8度》，無論如何，在家時多穿，多走動，吃熱食、溫飲。 提醒你，今日只是「冷十天的第一天，週末冷空氣將增強為寒流」，以台灣沒有暖氣的房屋來說，約前三天屋內仍有保暖效果，之後連屋內都冷了之後，就會感覺有點難耐了，務必準備好萬全保暖工作。",
        "url": "https://fact-checker.line.me/news?categoryId=3&articleId=72626",
        "fact_check": "Fuzzy",
        "according_to": null
    },
    {
        "content": "台大保健中心醫生剛剛提出警告： 目前急凍就診人數大增，請民眾一定要增加保暖，所有冬季衣服在家也穿上，衛生衣，衛生褲，暖襪皆可穿2件以上保暖【就只有這些天可穿】。 頭帽、圍巾請通通戴上、圍上；多喝溫熱開水，清洗盡量用熱水，另外老人家不建議洗澡，溫度回升再洗即可。 晚上窗戶關緊，因為室外溫度比冰箱低《一般冰箱冷藏為8度》，無論如何，在家時多穿，多走動，吃熱食、溫飲。 提醒你，今日只是「冷十天的第一天，週末冷空氣將增強為寒流」，以台灣沒有暖氣的房屋來說，約前三天屋內仍有保暖效果，之後連屋內都冷了之後，就會感覺有點難耐了，務必準備好萬全保暖工作。",
        "url": "https://fact-checker.line.me/news?categoryId=3&articleId=111700",
        "fact_check": "Fuzzy",
        "according_to": null
    }
]