[
    {
        "content": "他擁有不死之身,手腳斷了也能再生,甚至是心臟沒了還能再長一個。\n如果對他的研究取得突破,或許人類真的可以長生不老。這就是神秘的蠑螈。\n他們有著黑色的小眼睛,微笑的嘴巴,然而蠑螈軟萌可愛的外表下卻暗藏\n一股強大的再生力量,其中又以墨西哥洞口猿最為神秘。他在受到嚴重的創傷後\n只要當場不死,那麼短時間內他便能再生出缺失的肢體,內臟甚至是不穩大腦。\n這些再生組織與損失前基本上一模一樣。蠑螈的這一神奇技能自然引起了\n科學界的高度關注。那麼問題來了,他到底是如何實現斷肢再生的呢?原來\n蠑螈體內有一種名為巨噬細胞的免疫細胞,這也是蠑螈能夠再生的秘密武器。\n它會讓傷口附近的細胞轉變成一種類似幹細胞的狀態,這些細胞大量聚集後\n便開始分化,變成新的肌肉,骨骼,皮膚和神經等組織,最終形成一個與丟失部位外形\n功能相同的新組織。然而,最讓人值得期待的是,蠑螈的基因編碼序列與人類極其相似\n因此研究墨西哥洞口猿的再生機制,或許有望應用到臨床相關的肢體\n內臟器官再生等領域。如果真的到了那一天,人類還真的有可能做到返老還童\n壽命大幅度增加",
        "url": "https://cofacts.tw/article/zOdm5JQBYrjt7MSM-42D",
        "true_or_false": "Fuzzy",
        "according_to": []
    },
    {
        "content": "https://www.ctwant.com/article/394635/?fbclid=IwZXh0bgNhZW0CMTEAAR0ICaEmedJxLWUHdRftT5bnU3gGH9YY2aPGAeyh4HBoH8ax9-jHsd4nZQY_aem_eJi3zD3ukY6txhgClL0X5w",
        "url": "https://cofacts.tw/article/yoski6uwb3ow",
        "true_or_false": "Fuzzy",
        "according_to": []
    },
    {
        "content": "18:34\n這邊跟妳說一下,現在主要配音的是樱桃小丸\n子,配音的部份是要中文翻台語,影片的部分\n我這邊都會提供給妳,一次會傳五部影片給\n妳,錄音完一部傳給我,我這邊確認沒問題的\n話就算完成,後續上音檔的部份我們這邊有專\n業人士處理\n18:14\n©7%\n已讀\n了解\n18:15\n已讀\n18:15\n台語 我想我會有臺灣國語 因為我是原住民\n台語這種東西都是可以學的呀\n18:15\n哈哈哈 18:15\n沒有人一出生就是天才 18:16\n已讀\n18:15\n薪水的部份統一每個月一號發薪水(轉帳)\n每一集薪水300,每周至少要交3-5集\n18:16\n到這邊有哪裡看不懂得嗎?\n18:16\n已讀\n薪水只能用轉帳的嗎?\n18:16\n已讀\n其實 我蠻怕 網路求職\n1816\n因為之前有一些爭議所以都統一薪轉\n18:17\n本來就是了阿\n18:17\n現在詐騙真的太猖獗\n18:17\n已讀 前年有被騙!\n18:17\n已讀 現在 也搞得很多人 徵不到 人\n18:17\n艾芮絲圖:那我繼續說明工作內容唷是在外面找工作真\n+\n",
        "url": "https://cofacts.tw/article/wef835QBYrjt7MSMzYYP",
        "true_or_false": "Fuzzy",
        "according_to": []
    },
    {
        "content": "18:35\n< 艾芮絲\n今天\n那我繼續說明第二份工作內\n容,你有不懂的地方都可…\n已讀 嗯嗯\n18:28\n我們主要就是配合這些太陽光電、風力發電、\n智慧綠能科學城,等等台灣知名新產能公司的\n訂單處理作業,我這麼說清楚嗎?\n18:29\n18:29\n太陽能發動我知道現在已經有地方在慢慢改太\n已讀 陽能發電的方式\n已讀\n知道\n18:29\n我們主要就是配合這些太陽\n光電、風力發電、智慧綠…\n我這邊跟妳說明一下,所謂新能源就是像現在\n開發中的綠能,較常見的不外乎就是太陽能、\n風力發電以上幾種替代能源,減少石油燃料的\n頻繁使用為了環保,永續發展守護大自然,為\n我們的孩子們留一下個乾淨的地球,也是政府\n近幾年一直在積極推動的新產能之一\n這個是行政院非常重視的3大產業主軸公文\nhttps://www.ey.gov.tw/Page\n/5A8A0CB5B41DA11E/604ea908-2610\n-41e0-a8a0-2dfe7230708e\n發展太陽光電發展風力發電 沙崙智慧\n前瞻基礎建設計畫—綠能建設\n一、前言\n到這邊有那裡不清楚的嗎\n18:32\n18:31\n18:32\n已讀\n18:34\n",
        "url": "https://cofacts.tw/article/wOf835QBYrjt7MSMzIbt",
        "true_or_false": "Fuzzy",
        "according_to": []
    },
    {
        "content": "https://www.facebook.com/share/r/15f7kgQPM1/?mibextid=WC7FNe",
        "url": "https://cofacts.tw/article/vws8aussjvdk",
        "true_or_false": "Fuzzy",
        "according_to": []
    },
    {
        "content": "18:36\n< 艾芮絲\n已讀\n「知道\n18:29\nE\n我這邊跟妳說明一下,所謂新能源就是像現在\n開發中的綠能,較常見的不外乎就是太陽能、\n風力發電以上幾種替代能源,減少石油燃料的\n頻繁使用為了環保,永續發展守護大自然,為\n我們的孩子們留一下個乾淨的地球,也是政府\n近幾年一直在積極推動的新產能之一\n這個是行政院非常重視的3大產業主軸公文\nhttps://www.ey.gov.tw/Page\n/5A8A0CB5B41DA11E/604ea908-2610\n-41e0-a8a0-2dfe7230708e\n18:31\n發展太陽光電發展風力發電\n沙崙智慧\n前瞻基礎建設計畫—綠能建設\n一、前言\n到這邊有那裡不清楚的嗎\n18:32\n那我繼續說明工作內容唷\n18:34\n以下為尚未閱讀的訊息\n工作內容也很簡單,我們負責接收派單資訊\n後依照指示在有效時間內下單,只需要兩個\n步驟:確認環保『節能』及『儲能』-輸入金\n額-按確認即可完成一單,優點是工作時間彈\n性,並且每個月做滿150單還會有獎金15000可\n以領\n18:32\n已讀\n沒有\n18:34\n已讀\n嗯嗯\n18:35\n18:35\n工作的部分我會把你教學到會才會讓妳開始工\n作,這個妳放心\n18:36\n+\n",
        "url": "https://cofacts.tw/article/vuf835QBYrjt7MSMzIbp",
        "true_or_false": "Fuzzy",
        "according_to": []
    },
    {
        "content": "18:34\n我也時常跟我底下那些員工說在外面找工作真\n的要小心謹慎一點才行\n今天\n18:17\n如果有人要叫你提交你的個人證件正本\n18:17\n千萬別提交\n18:17\n©7%\n已讀\n18:17\n因為我沒法 薪轉\n新聞也常常在報導,如果有人要妳提交妳的個\n人證件、提款卡及密碼、存摺正本千萬別提\n交,如果真的提交了會被拿去當人頭帳戶\n18:18\n已讀 求職被騙的原因~像家庭代工!\n18:18\n已讀 現在只要提交賬戶都不行了\n18:18\n現在真的詐騙無所不在\n18:18\n所以我們更應該要有防備心 18:19\n薪轉的部分到時候給帳號我這邊就會轉帳了\n18:19\n已讀 我沒給正本 只是 給了 帳號而已..就卡了 詐欺\n18:19\n18:19\n真假阿\n18:19\n妳應該是提交正本吧 18:20\n不然單純給帳號基本上不會怎樣呀\n我做了一年了\n18:20\n也都正堂\n艾芮絲te\n:那我繼續說明工作內容唷\n+\n18:20\n已於\n18:19\n對呀!\n",
        "url": "https://cofacts.tw/article/vef835QBYrjt7MSMzIbo",
        "true_or_false": "Fuzzy",
        "according_to": []
    },
    {
        "content": "https://www.youtube.com/watch?v=0g-8a8TpdP8",
        "url": "https://cofacts.tw/article/vaig7vl7d7tw",
        "true_or_false": "Fuzzy",
        "according_to": []
    },
    {
        "content": "18:34\n艾芮絲 Aries\n.那也不錯呀\n©7%\n已讀\n警安也是警察的一種!指挥交通安全維護\n18:10\n18:10\n每個月穩定收入\n18:10\n已讀\n18:11\n不一定!! 那也是要靠天氣吃飯的\n不過指揮交通不是大太陽根本沒地方跑\n18:11\n然後下雨天又要被雨淋\n18:11\n真的辛苦你了\n18:11\n已讀\n對呀!!\n18:11\n已讀\n日曬雨淋..\n18:11\n辛苦了\n18:12\n每樣工作都有不容易的地方\n18:12\n還是說我先跟你說明工作內容,你有不懂的地\n方都可以問我哦\n18:12\n已纳 好\n18:12\n已讀\n是啊\n18:12\n還是說我先跟你說明工作內\n容,妳有不懂的地方都可…\n我們現在有兩份工作,第一份是配音员\n第二份是幫商家推廣,並且兩份是可以同時進\n行的,我先跟妳介紹第一份\n18:14\n艾芮絲ter:那我繼續說明工作內容唷\n這邊跟妳說一下,現在主要配音的是樱桃小丸\n+\n已讀\n了解\n18:14\n",
        "url": "https://cofacts.tw/article/vOf835QBYrjt7MSMxYYl",
        "true_or_false": "Fuzzy",
        "according_to": []
    },
    {
        "content": "📣大家注意！最近日本流感疫情升溫🔥\n醫院病床滿載，流感病毒傳染力強，\n加上冬天氣溫低、室內通風差，感染風險大增。\n\n流感症狀😷可不只是普通感冒這麼簡單！\n\n▍ 出現以下這些情況一定要小心：\n\n【突然高燒】➜ 流感最明顯的症狀之一，體溫急劇升高到38度以上。\n【全身痠痛、疲憊】➜ 像被「車撞」一樣的疲累感。\n【喉嚨痛、咳嗽】➜ 喉嚨灼熱感，有些人會伴隨乾咳或痰多。\n【鼻塞、流鼻水】➜ 類似感冒症狀，但通常更嚴重。\n\n這些症狀可能會快速惡化，\n特別是老人、小孩或慢性病患者，重症風險更高！\n\nꔛ 防護措施現在就要做：\n\n✅ 戴口罩：外出戴口罩，阻擋飛沫傳染，保護自己也保護他人。\n✅ 勤洗手：特別是在觸碰公共設施後或用餐前，徹底清潔。\n✅ 保持距離：在人多的地方盡量減少接觸，避免群聚。",
        "url": "https://cofacts.tw/article/v2sipjnvvh6y",
        "true_or_false": "Fuzzy",
        "according_to": []
    },
    {
        "content": "18:35\n我們主要就是配合這些太陽光電、風力發電、\n智慧綠能科學城,等等台灣知名新產能公司的\n訂單處理作業,我這麼說清楚嗎?\n18:29\n©7%\n18:29\n太陽能發動我知道現在已經有地方在慢慢改太\n已讀 陽能發電的方式\n已讀\n知道\n18:29\n我們主要就是配合這些太陽\n光電、風力發電、智慧綠…\n我這邊跟妳說明一下,所謂新能源就是像現在\n開發中的綠能,較常見的不外乎就是太陽能、\n風力發電以上幾種替代能源,減少石油燃料的\n頻繁使用為了環保,永續發展守護大自然,為\n我們的孩子們留一下個乾淨的地球,也是政府\n近幾年一直在積極推動的新產能之一\n這個是行政院非常重視的3大產業主軸公文\nhttps://www.ey.gov.tw/Page\n/5A8A0CB5B41DA11E/604ea908-2610\n-41e0-a8a0-2dfe7230708e\n發展太陽光電發展風力發電\n沙崙智慧\n前瞻基礎建設計畫一綠能建設\n一、前言\n到這邊有那裡不清楚的嗎\n18:32\n那我繼續說明工作內容唷\n18:34\n18:31\n18:32\n已讀\n沒有\n18:34\n嗯嗯\n18:35\n",
        "url": "https://cofacts.tw/article/v-f835QBYrjt7MSMzIbt",
        "true_or_false": "Fuzzy",
        "according_to": []
    },
    {
        "content": "18:35\n也都正常\n18:20\n了解\n18:21\n已讀\n所以現在,我正本還在我自己這裡\n18:20\n已讀\n18:21\n如果要薪轉的部分 我沒辦法!\n現金的部分那要怎麼給呀\n18:21\n因為我們都是薪轉\n18:22\n妳住哪裡呀\n18:22\n那也不遠\n18:22\n我桃園 18:22\n已讀 八里\n18:22\n已讀\n18:22\n不然就是看到時候怎麼領薪水\n18:22\n那我先跟妳說明工作內容唷\n18:22\n但我也怕 現在也有語音檔錄取你的聲音去詐\n已讀 騙家人等等之類的..\n18:23\n所以才會說真的要小心一點呀\n18:23\n這邊跟您說一下,主要會有錄音員這份工作,\n是因為公司與風電廠達成協議以互惠的方式來\n要求我們人員幫工程師調整風力發電機的參\n數,讓風力發電機以最低汙染發揮最大效能,\n進而達到節能減碳環保愛地球的效能,這也是\n配合2050淨零排碳的政府政策,你之前有聽過\n或接觸過相關工作嗎?\n18:24\n已讀 那你該怎麼證明讓我相信\n18:24\n",
        "url": "https://cofacts.tw/article/uuf835QBYrjt7MSMxIb5",
        "true_or_false": "Fuzzy",
        "according_to": []
    },
    {
        "content": "18:35\n因為工作本身就不強迫法\n18-24\n所以我也沒有強迫說妳一定要做呀\n18:24\n已讀\n沒!\n18:24\n艾芮絲\n這邊跟您說一下,主要會有\n錄音員這份工作,是因為…\n所以我也沒有強迫說妳一定\n要做呀\n已讀\n重點 我缺錢啊\n18:25\n所以我才會說要不要做取決於妳呀\n18:25\n我們第二份工作是因為贊助商那邊跟政府有在\n配合,為了就是要讓更多人知道政府近幾年極\n力在推廣的新能源工作,為了就是要讓更多人\n知道新能源工作,所以才會要求兩份工作一起\n做,這樣每天還有兩筆收入\n到這邊有哪裡不清楚的嗎?\n18:26\n沒有!!\n18:26\n已讀\n沒有!!\n18:27\n已讀 所以要幫他們推廣然後發布增高流量??\n18:27\n那我繼續說明第二份工作內容,妳有不懂的地\n方都可以問我哦\n所以要幫他們推廣然後發布增高流量??\n簡單來說就是要讓更多人知道新能源工作\n18:28\n18:28\n",
        "url": "https://cofacts.tw/article/uef835QBYrjt7MSMxIb2",
        "true_or_false": "Fuzzy",
        "according_to": []
    }
]