[
    {
        "tag_name": "FactCheck",
        "section_title": "錯誤、國際",
        "url": "https://tfc-taiwan.org.tw/fact-check-reports/viral-video-2023-michigan-airshow-mig-crash/",
        "title": "傳言影片為2023年密西根航展米格戰機墜毀",
        "word_count": 869,
        "keywords": [
            "錯誤",
            "國際"
        ],
        "publish_time": "2025-02-07",
        "fact_check_info": "錯誤",
        "content": "網傳影片「美國又掉了一架空軍飛機」？\n\n2023年密西根航展蘇聯米格23戰機墜毀意外。\n\n發佈：\n\n2025-02-07\n\n更新：\n\n2025-02-07\n\n報告編號：\n\n3466\n\n查核記者：\n\n吳仲安\n\n責任編輯：\n\n陳培煌\n\n發佈：\n\n2025-02-07\n\n報告編號：\n\n3466\n\n記者：\n\n吳仲安、\n\n責任編輯：\n\n陳培煌\n\n2025年1月28日發生一架F-35戰機在阿拉斯加墜毀事件。隨後2月初網路流傳一段影片，宣稱「又掉了一架美國空軍」。實際為挪用過去無關影像。\n\n網傳影片發生於2023年8月美國密西根航空展發生的墜機事故，墜毀的並非美國空軍飛機，而是一架蘇聯時代米格23戰機，機上2名飛行員緊急跳傘逃生，這起意外並未造成人員傷亡。\n\n傳言挪用過去影像宣稱是美國「空軍又掉了一架」飛機的不實資訊，因此為「錯誤」訊息。\n\n背景\n\n根據\n\n報導，2025年1月28日一架F-35戰機在阿拉斯加空軍基地進行訓練時故障墜毀，飛行員成功逃生。\n\n2月初網路流傳一段影片，宣稱「又掉了一架美空軍飛機」 ；影片畫面可以看到一架戰機因不明原因墜毀，機上人員跳傘逃生畫面。\n\n查核\n\n查核點：網傳影片是近期發生事件？\n\n網傳影片發生於2023年美國密西根航空展發生的墜機事故，墜毀飛機為蘇聯米格戰機\n\n（一）查核中心以影片擷圖反搜，找到網路影音平台2023年8月14日上傳\n\n，標題為「米格23戰鬥機在航展墜毀（MiG-23 航空ショーでジェット機墜落）」；檢視影片00’10秒處至0’33秒處，與網傳影片完全相符。\n\n進一步以畫面搜尋，找到美國媒體《\n\n》於2023年8月14日也發布相同影片，報導影片為一架參加密西根航空展的噴射機，在機場上空墜毀的畫面。\n\n（二）以關鍵字搜尋，可以找到台灣媒體《\n\n》當時報導，顯示美國密西根2023年8月舉行航空展，1架蘇聯時期的米格23戰機在飛行表演過程中失控墜毀，機上2名飛行員緊急跳傘逃生，這起意外並未造成人員傷亡。\n\n根據《\n\n》報導，2023年8月密西根航空展，一架蘇聯時代的米格23（MiG-23）戰機墜毀，這架老式俄羅斯戰機的駕駛者是來自德州的退役海軍飛行員，米格23是冷戰期間使用最廣泛的蘇聯戰機之一，以其先進的雷達和火控系統而聞名。",
        "requires_payment": false
    }
]