[
{"text": "查核報告", "url": "https://tfc-taiwan.org.tw/articles/report"},
{"text": "謠言風向球", "url": "https://tfc-taiwan.org.tw/articles/category/242"},
{"text": "議題觀察室", "url": "https://tfc-taiwan.org.tw/articles/category/22/1217"},
{"text": "TOP10", "url": "https://tfc-taiwan.org.tw/articles/category/22/1204"},
{"text": "重點專區", "url": "https://tfc-taiwan.org.tw/topics"},
{"text": "名家專欄", "url": "https://tfc-taiwan.org.tw/articles/category/22/2250"},
{"text": "國際視野", "url": "https://tfc-taiwan.org.tw/articles/category/22/23"}
]