[
{
    "url": "https://tfc-taiwan.org.tw/articles/11290",
    "fact_check": "錯誤",
    "title": "【易生誤解】網傳「長老教會輕鬆獲得政府金援，不用計畫與核銷，因此能辦青鳥宴」？",
    "time": "2024-12-13",
    "tag_name": "事實查核報告",
    "question": "【易生誤解】網傳「長老教會輕鬆獲得政府金援，不用計畫與核銷，因此能辦青鳥宴」？",
    "content": [
        "近期網路流傳訊息，無黨籍立委高金素梅宣稱長老教會輕鬆獲得政府每年上億金援，不用計畫與核銷，有源源不絕的經費辦全台「青鳥宴」。訊息又說，原住民族委員會近年捐助母語教會預算，分別是2023年6,830萬、2024年1.04億、2025年1.1億，長老教會就佔了7成。",
        "經查訊息來源為立委高金素梅12月4日臉書 貼文 ，且引發許多媒體跟進報導。",
        "圖1-2：社群平台流傳訊息擷圖",
        "圖3：立委高金素梅臉書12月4日貼文擷圖",
        "查核點一：原民會捐助母語教會，長老教會佔7成？",
        "長老教會約佔全國原民教會6成，因此所得補助案數 較高",
        "（一）原民會指出，立委所稱補助計畫為「原住民族教會推動語言發展獎勵計畫」，從2022年開始實施至今。為了推動原住民族語，因此針對原民教會有補助計畫，譬如教會有族語證道、族語詩歌等活動，都可提計畫申請，審核通過就能獲得補助。",
        "原民會指出，全國原民教會約900間，而長老教會就佔6成，因此長老教會自然會拿到較多補助，並不是原民會偏愛特定教會。 2022年共補助400間原民教會，長老教會有250間，2023年補助506間，長老教會有300間，長老教會佔比約 6成上下 。",
        "（二） 長老教會總會原住民宣教委會幹事歐蜜・偉浪表示，原民會的補助各教派都能來申請，補助不是只給長老教會。",
        "歐蜜・偉浪解釋，全國原民教會約900間，長老教會有540間約佔6成，因此才會拿到較多補助。以2022年來說，除了長老教會外，還有天主教派、安息日會、聖教派等10多個教派獲得補助。",
        "查核點二：長老教會輕鬆拿到補助，不必提出計畫與核銷嗎？",
        "任何教會都需提計畫與核銷",
        "（一）檢視原民會公布的原民教會推動族語補助辦法，不論是 2024年 或者 2023年 版本，都明確指出，教會要提出計畫申請，審核不過不予獎勵，且要經指定的會計師事務所核銷。",
        "查詢政府採購網（ 連結1 、 連結2 ）可知，原民教會的補助核銷業務採公開招標，得標者為「安貞聯合會計事務所」，該所近年也曾承辦衛福部、新北市、台中市等政府機關的 委外財務查核案 。",
        "圖4：原民教會申請補助須提計畫與核銷／來源：原民會官網",
        "（二）原民會表示，原民教會的補助計畫需要申請，各教派總會、區會、教會都可申請。事後也要核銷，承辦者為安貞聯合會計事務所，網傳「不用提計畫、不用核銷」為錯誤訊息。",
        "（三）安貞聯合會計事務所受訪表示，的確有承辦原民教會補助核銷業務。核銷分成「憑證查核」與「實地查核」兩種，「憑證查核」1年分兩期申報，各教會要把支出憑證如發票、收據等上傳到電子系統，由事務所審核。「實地查核」 則是1年1次，採抽查方式，由事務所派會計師到教會檢核帳冊。",
        "（四）長老教會中布中會總幹事撒蜜哪・以使馬哈善表示，不用提計畫與不用核銷是不實說法。以中布中會為例，轄下有26間教會，多位於中部的布農族部落，所屬教會提出計畫與核銷，都是由中會協助辦理，2023年與2024年分別有9間、12間原民教會得到補助。",
        "撒蜜哪・以使馬哈善說，審核計畫的是原民會，負責核銷的是安貞會計事務所，先前還曾來辦過核銷說明會（圖5）。經費的支出證明要上傳到「經費結報系統」（圖6），因填報項目繁瑣，很多教會都要修改多次才會審核通過。",
        "圖5： 原民教會補助計畫核銷說明會簡報 ／來源：撒蜜哪・以使馬哈善提供",
        "圖6：「經費結報系統」操作畫面翻拍／來源：撒蜜哪.以使馬哈善提供",
        "查核點三：長老教會舉辦青鳥宴，是因獲得政府金援嗎？",
        "原民教會所得補助須專款專用，與青鳥宴無關",
        "（一）網傳「青鳥宴」是指11月30日由長老教會總會主辦，及多個民間團體協辦的「重返新手村-台北青鳥回血大辦桌」活動。",
        "檢視長老教會的活動 貼文 ，可知該辦桌活動必須付費參加，費用每人1450到3000元不等，不是免費參加的活動。",
        "圖7：網傳青鳥宴需付費參加，並非免費活動／來源：長老教會教會與社會委員會臉書擷圖",
        "（二）長老教會原宣幹事歐蜜・偉浪說，11月30日的台北青鳥辦桌活動，是由長老教會總會及多個團體共同舉辦，活動費用來自參加者的報名費。長老教會沒有出錢，負責活動主持及聯絡等工作。",
        "歐蜜・偉浪解釋，原民會補助是直接撥到各個教會，只能用於族語推廣，必須專款專用，還要核銷，不能做其他經費使用。而且各個教會財務都是獨立的，也不會把補助款交給總會，傳言說用補助款辦青鳥宴是惡意連結。",
        "歐蜜・偉浪也澄清「長老教會承認1450」的說法，長老教會牧師的確在活動說「1450們晚安」（ 直播影片 1:28:23開始），但自稱1450是一種反諷，要反擊台派團體是網軍的說法，報名費特意設計成1450元，也是相同的反諷手法。",
        "（記者：許雲凱；責任編輯：邱家宜）",
        "本中心查核作業獨立進行，不受捐助者影響。",
        "台灣事實查核中心 捐款連結  (或掃QR Code) / 接受捐助準則"
    ]
},
{
    "url": "https://tfc-taiwan.org.tw/articles/11288",
    "fact_check": "錯誤",
    "title": "【錯誤】網傳「有台灣公司以員工旅遊名義，將職員騙到柬埔寨販賣」？",
    "time": "2024-12-13",
    "tag_name": "事實查核報告",
    "question": "網傳「有台灣公司以員工旅遊名義，將職員騙到柬埔寨販賣」？",
    "content": [
        "網路近期流傳訊息宣稱「近期出現販賣人口的新手法，嫌犯會在台灣開設合法公司，雇用員工並正常營運數月，之後以公司旅遊為名，將員工招待至泰國旅遊，實際卻被送往柬埔寨西哈努克港，再販賣給當地黑幫......」等內容。",
        "圖1-2：網路流傳訊息擷圖",
        "查核點：網傳說法是真的嗎？",
        "台灣執法單位從未接獲網傳案件",
        "查核中心諮詢刑事警察局、台灣駐泰國代表處，均無接獲通報有網傳所稱「有台灣公司透過泰國員旅方式，將公司職員詐騙至柬埔寨進行人口販賣」情況。",
        "旅行業者、駐泰新聞從業人員從未聽聞傳言情節",
        "詢問在外派泰國工作超過7年的台灣記者、品保協會發言人李奇嶽，均表示從未聽聞在泰國有發生網傳相關案件。",
        "旅居泰國20幾年、從事旅遊業的鄭先生表示，從來都沒有聽過傳言情節。撰寫傳言內容的人應該是沒有經過思考，就編造這種假訊息；如果傳言情節曾經發生過，這些員工家屬不會報警嗎？如果家屬有報警，就會是大新聞，但現在都沒有相關訊息，顯然沒有這件事情。",
        "傳言源自2022年8月臉書社團貼文，但內容並無引述任何消息來源",
        "透過關鍵字檢索，找到網傳內容源自2022年8月初的臉書貼文；檢視該文內容，並無引述任何消息來源，且貼文者並非政府機構或新聞媒體從業人員，無從證實其訊息來源與真實性。",
        "隨後2022年8月15日有醫師在其粉專發文，內容與上述貼文相似，但該醫師的消息來源卻變成「今天跟餐飲業老闆朋友聊天......他聽說最新的做法是在台灣開設新公司招募員工，半年後舉行員工旅遊，招待員工到柬埔寨玩，然後就…」；該貼文也稱不曉得訊息真偽為何。",
        "部分台灣人利用泰國免簽前往鄰近國家從事詐騙工作",
        "駐泰國代表處2024年12月3日發布 新聞稿 提醒，有部分台灣人利用泰國免簽及交通便利，抵達泰國後非法偷渡至緬甸、寮國、柬埔寨等地從事詐騙工作，且相關案件數量不斷攀升。",
        "代表處指出，詐騙是違法行為，台泰政府均在加強打擊相關不法行為，民眾切勿相信不實求職廣告，如協助載運黃金或貨品、從事客服及高薪收入等宣傳；民眾抵達泰國後，發現情況可疑，可連繫提供中文服務的泰國觀光警察24小時服務專線（泰國境內電話直撥1155或撥打+66-2-134-0521）求援協助。",
        "（記者：陳培煌；責任編輯：陳偉婷）",
        "",
        "本中心查核作業獨立進行，不受捐助者影響。",
        "台灣事實查核中心 捐款連結  (或掃QR Code) / 接受捐助準則"
    ]
},
{
    "url": "https://tfc-taiwan.org.tw/articles/11279",
    "fact_check": "錯誤",
    "title": "【錯誤】網傳影片「蒲亭女兒帶兵赴烏克蘭戰場」？",
    "time": "2024-12-09",
    "tag_name": "事實查核報告",
    "question": "網傳影片「蒲亭女兒帶兵赴烏克蘭戰場」？",
    "content": [
        "俄羅斯自2022年2月入侵烏克蘭，戰事已持續近3年，近期因美國大選結束，烏俄戰事後續備受國際關注。近期網路流傳一段影片，畫面是蒲亭幫一位女子別上勳章並獻花，傳言宣稱是「蒲亭女兒為國帶兵赴烏克蘭戰場」。",
        "",
        "圖1：社群平台流傳訊息擷圖",
        "查核點：傳言稱「蒲亭女兒帶兵赴烏克蘭戰場」是真的嗎？",
        "網傳影片是2017年12月 蒲亭頒發勳章給參與敘利亞反恐行動的軍人Tatyana Kovaleva",
        "查核中心將網傳影片擷圖以圖反搜，找到克里姆林宮官網一篇2017年12月發布的 新聞稿 中，蒲亭頒發勳章給士官塔蒂亞娜・科瓦列娃（Tatyana Kovaleva）的畫面，與網傳影片相符。",
        "根據新聞稿，蒲亭接見參與敘利亞反恐行動的軍人，在克里姆林宮頒發國家勳章給在敘利亞執行特殊任務有功的人士。",
        "",
        "圖2：克里姆林宮官網擷圖",
        "比對網傳影片中女子的衣著、獲頒的花束及場景，與新聞稿發布資訊相符。",
        "",
        "圖3：網傳影片中女子並非蒲亭女兒／台灣事實查核中心製圖",
        "檢視外媒，並無蒲亭女兒上戰場的相關資訊",
        "根據《 Newsweek 》報導，蒲亭公開承認的兒女包含與前妻所生的兩名女兒瑪莉亞沃龍佐娃（Maria Vorontsova）和卡特琳娜·吉霍諾娃（Katerina Tikhonova）。",
        "根據《 泰晤士報 》、《 獨立報 》、《 電訊報 》等多家英媒報導11月報導，烏克蘭媒體調查發現，蒲亭有一個化名的21歲私生女住在巴黎。",
        "以關鍵字「Putin」、「daughter」、「War」、「Ukraine」等關鍵字搜尋，並無任何可信報導顯示蒲亭女兒有參與烏俄戰事。",
        "（記者：吳仲安；責任編輯：陳偉婷）",
        "本中心查核作業獨立進行，不受捐助者影響。",
        "台灣事實查核中心 捐款連結  (或掃QR Code) / 接受捐助準則"
    ]
},
{
    "url": "https://tfc-taiwan.org.tw/articles/11283",
    "fact_check": "錯誤",
    "title": "【錯誤】網傳公文「國務院中央軍委聯合發布通知，召回各軍境外家屬」？",
    "time": "2024-12-10",
    "tag_name": "事實查核報告",
    "question": "網傳公文「國務院中央軍委聯合發布通知，召回各軍境外家屬」？",
    "content": [
        "8日起在X、臉書等社群平台和LINE開始流傳一張中國國務院與中央軍委聯合發布的文件，內容稱要召回各軍境外直系家屬，提交境外親屬詳情表等。",
        "",
        "圖1：通訊軟體流傳圖卡",
        "查核點：網傳國務院與中央軍委聯合發布通知限期召回軍屬，是真的嗎？",
        "專家指出，網傳公文有多處不合理",
        "（一）國防大學戰爭學院新聞系教授兼系主任傅文成指出，網傳文件不是原始文件。因為：",
        "1.中共中央軍委會發布的正式文件，會用「中華人民共和國中央軍委會」字樣，不會使用「中 共中央軍委會」這樣的簡稱。",
        "2.國務院不管軍事事務，不會有國務院與中央軍委會聯名的文件出現，因為指揮體系不對。",
        "3.文件條列的第4點中提到「軍事紀律委員會」，該單位的正確名稱是「軍事紀律檢查委員會」，正式文件上機關的名稱不會用錯。",
        "（二）查核中心採訪熟悉中國公文格式的《展望與探索》雜誌社特約研究員郭瑞華。郭瑞華說網傳公文是假的，有多處不合理。例如：",
        "1.格式錯誤：日期格式有誤，正式文件不會有「01」月這樣含有0的寫法。",
        "2.用詞有誤：公文上沒有「總辦」這樣的用法，若是國務院發布的會寫「國辦」，聯合發布也會則看是以哪個單位為主，如中央辦公廳跟國務院聯合發布，就會寫「國辦」或是「中辦」。",
        "除此之外，文件上不會出現「五大戰區」、軍委各「總部」等用詞。正確寫法會寫「各戰區」、軍委「直屬機關」。",
        "3.公文內容與發布單位不符：以通知的內容來看，與國務院沒有相關，這類事務中央軍委會直接發文即可，不需要聯合發文。",
        "網路流傳文件經查是經過編造的假文件／台灣事實查核中心製圖",
        "（三）國防大學中共軍事事務研究所副教授董慧明協助檢視文件後表示，網傳文件乍看是正式文件，但仔細看，會發現很多問題。",
        "1.國務院已不負責軍事業務",
        "董慧明表示，此份紅頭文件一開始出現國務院、中央軍委，但中共在2015年軍改後，中共武裝力量的指揮權歸屬到中央軍委會。以前還可以看到國務院和中央軍委會有共同的軍事指揮範疇，但現在都沒有了，全部歸到中央軍委會，所以聯名發布的方式就是一個顯而易見的破綻。",
        "此外，正規的紅頭文件也不會用簡稱「中央軍委」，而是會用全名「中央軍事委員會」，甚至可能會視發布對象和情節，使用更完整的「中國共產黨中央軍事委員會」或「中華人民共和國中央軍事委員會」。",
        "2.行文邏輯有問題",
        "董慧明說，此文件指出，此文是奉黨中央、國務院、中央軍委會批准，形成「自己核准自己」的詭異狀況。通常此類議題一定會有一個主責單位，再由上級批准。例如外交事務由國務院批准、國防動員由中央軍委批准。",
        "3.用詞有問題",
        "文件中有些遣詞用字與中共常用詞彙不同。例如文件出現「家屬」、「親屬」，一般中共會直接使用「軍屬」。內文第四點出現「軍事紀律委員會」不是正式名稱，其正式名稱為「中央軍事委員會紀律檢查委員會」，正式公文不會使用簡稱或俗稱。",
        "文件第五點出現「反間諜辦公室」，但目前並沒有這個單位。",
        "4.數字格式有誤",
        "文件第一點和第二點分別出現02月01日、01月01日，一般寫日期不會在前面加0。而且文件第四點又出現2月1日，此時數字前方又沒出現0，格式錯亂、不一致。",
        "5.發文者對中共軍事編制不瞭解",
        "中共有5大戰區，但在正式文件，不會自稱「五大戰區」。如果中央軍委會要發布命令，會講「各戰區」，而不是劈頭就說「五大戰區」。",
        "文件中出現「省軍區」，在正式文件中，若有提及省軍區編制，通常也會出現軍分區和衛戍區；文件出現「軍委各總部」，但軍改後已沒有總部，而是改成15個機構部門。",
        "此外，中共是以黨領軍，因此如果要逐級回報，也會用軍隊黨組織的系統處理事情，比較不會出現「排級以上」等軍隊逐級回報的方式，可見此文描繪的軍隊編制運作與現實不太相符。",
        "綜合以上，網傳公文出現諸多破綻，並非真實公文。",
        "（四）查核中心檢索，找到中共於2012發布的「 黨政機關公文格式 」，比對後可發現，網傳公文與公告格式有多處不符，如正文應以「3號仿宋體」，但網傳公文並非使用仿宋體；除此之外，公文應有標題為「XXX關於XXX的通知／請示」，但網傳公文僅有「國務院、中央軍委通知」，與正式格式不相符。",
        "【2024/12/11 更新說明】補充中共公文格式體例。",
        "（記者：吳仲安、陳偉婷；責任編輯：邱家宜）",
        "專家分析網傳公文",
        "董慧明表示，每個國家可能都會有其軍事管制作為，目前無法臆測網傳文件所提，要求軍人境外親屬回中國的事情是否屬實，不能完全說是子虛烏有，但從文件上是可以看出很多問題。 \n \n至於網路風向意圖將此公文帶向中國備戰；董慧明說，共軍近日確實有一些軍事動作，台灣的國防部對於有參考價值的共軍動態，也有即時公布資訊，降低民眾被假訊息誤傷的風險。現今做假訊息很方便，類似的假公文其實難以杜絕，一定會持續有人創造、有人傳散，建議民眾對此嚴肅議題，不要輕信網路傳言、不要轉傳，及時追蹤官方發布的正確資訊。",
        "國防安全研究院網路安全研究所曾怡碩副研究員則指出，這個文件本身或許不是真的，但製造文件者對中國政治與軍隊作風有掌握，文件內容可能反應目前中國軍隊內部的反貪腐動作，與共軍近期各項軍事動作無關。",
        "曾怡碩表示，為阻止軍方人士將貪腐所得交由親屬運往國外，中國近兩年來持續要求軍方人員海外親屬回國，這個文件傳達的意念乍看之下像是這一連續性要求的最後通牒。例如該文件指稱，「1月1日前將境外親屬名單造冊，2月1日前全部回國。有親屬逾期不歸的軍人將被停職，不配合辦理的會用反間諜罪審判。」",
        "曾怡碩指出，社群媒體上流傳的這份文件，其所要傳達的訊息，基本上是中國內部正進行一波反貪腐整肅，目前還看不出與 共軍目前在西太平洋的軍事活動 有關聯。"
    ]
},
{
    "url": "https://tfc-taiwan.org.tw/articles/11285",
    "fact_check": "錯誤",
    "title": "【錯誤】網傳影片「美國婦女抗議川普關稅政策全裸遊行，沒有中國便宜衣服進口我們穿什麼」？",
    "time": "2024-12-12",
    "tag_name": "事實查核報告",
    "question": "網傳影片「美國婦女抗議川普關稅政策全裸遊行，沒有中國便宜衣服進口我們穿什麼」？",
    "content": [
        "2024年11月5日美國舉行總統大選，由川普當選勝出。近期網路流傳影片稱畫面是「美國婦女抗議川普關稅政策，全裸遊行」並稱「沒有中國便宜衣服由海運進口要穿什麼」。",
        "",
        "圖1：社群平台流傳訊息擷圖",
        "查核點：傳言稱影片是「美國婦女抗議川普關稅政策，全裸遊行」是否屬實？",
        "網傳影片為2004年藝術家Spencer Tunick拍攝裸體影像畫面，與近期川普政策無關",
        "（一）查核中心檢視網傳影片，在2分55秒處在裸體群眾後方出現出現一艘印有「William&Mather」字樣的郵輪，以此為關鍵字加上「裸體」等其他關鍵字搜尋，找到肯特州立大學（Kent State University）的網站，一篇2004年發布的 文章 ，標題為「人們為了藝術在克里夫蘭裸體 （Naked for art’s sake People bare it all in Cleveland for artist）」，文中描述有2000多人在克里夫蘭一處公園中，參與藝術家圖尼克（Spencer Tunick）所號召的裸體拍攝活動。",
        "該文章描述拍攝活動進行的地點為克里夫蘭靠近港口碼頭的「沃伊諾維奇二百周年紀念公園（Voinovich Bicentennial Park）」，檢視地點 街景 ，與網傳影片中所出現的場景相符。",
        "",
        "圖2：網傳影片拍攝於克里夫蘭「沃伊諾維奇二百周年紀念公園」／台灣事實查核中心製圖",
        "（二）查核中心繼續檢索Spencer Tunick相關資訊，在他個人官網找到一張在2004年發布的攝影 作品 ，其場景與網傳影片4分20秒處相符。",
        "",
        "圖3：網傳影片是藝術家Spencer Tunick拍攝裸體影像作品／台灣事實查核中心製圖",
        "綜合以上，網傳影片為2004年藝術家拍攝裸體影像作品時的側錄，與近期川普政策無關。",
        "（記者：吳仲安；責任編輯：邱家宜）"
    ]
},
{
    "url": "https://tfc-taiwan.org.tw/articles/11287",
    "fact_check": "錯誤",
    "title": "【錯誤】網傳影片「台灣啤酒前身是青島啤酒廠撤到台灣」？",
    "time": "2024-12-13",
    "tag_name": "事實查核報告",
    "question": "網傳影片「台灣啤酒前身是青島啤酒廠撤到台灣」？",
    "content": [
        "網路流傳一段政論節目上的談話，影片標題為「原來台灣啤酒前身是青島啤酒廠撤到台灣」，影片中，節目來賓稱中華民國撤退時，劉安祺將軍把青島啤酒廠的工廠、機器和技師都搬來台灣，稱臺灣啤酒跟青島啤酒是同一家。",
        "",
        "圖1：社群平台流傳訊息擷圖",
        "查核點：傳言稱「台灣啤酒前身是青島啤酒廠撤到台灣」是真的嗎？",
        "網傳說法與事實不符，臺灣啤酒前身為1920年代成立的高砂麥酒株式會社",
        "查核中心採訪臺灣菸酒公司，臺灣菸酒公司表示，網傳「台灣啤酒前身是青島啤酒廠撤到台灣」與事實不符。",
        "根據財政部財政史料陳列室網站「 高砂啤酒及臺灣啤酒史料 」歷史，1920年（日本大正9年）時，日本芳釀會社社長安部幸之助等人，邀約日本酒界共同成立高砂麥酒株式會社。1922年日本總督府推動酒類專賣，以增加財源收入，引起了日本企業群起抗議，最後將啤酒排除在外。1933年總督府重提啤酒專賣，並於當年7月實施銷售專賣。",
        "臺灣光復之後，臺灣省行政長官公署於1945年11月1日接收「臺灣總督府專賣局」，並改為「臺灣省專賣局」；2000年立法院通過菸酒管理法，菸酒專賣成為歷史；2002年時，公賣局改制為臺灣菸酒公司。",
        "查核中心也採訪中研院台灣史研究所研究員翁佳音、《台灣酒的故事》作者范雅鈞博士及熟稔建國酒廠歷史的台灣歷史資源經理學會副秘書長黃俊達，三位專家也表示，傳言說法並無根據，臺灣啤酒的前身為高砂麥酒株式會社。",
        "臺灣啤酒與青島啤酒 皆曾學習德國釀酒技術",
        "（一）翁佳音說，臺灣啤酒跟青島啤酒味道與釀製方法類似，是因當時日本啤酒釀造主要學自德國；另一方面，中國青島的英德啤酒釀造公司，於1916年被大日本麥酒會社買下，大日本麥酒會社也是臺灣高砂麥酒株式會社的股東，青島啤酒與臺灣啤酒原本就有這層日本與德國的關係，不是國民黨來台才產生。",
        "（二）范雅鈞表示，過去高砂麥酒株式會社一度瀕臨倒閉，之後台灣銀行接手重組，曾經派技師去德國重新學習釀酒技術生意才好轉，當時各國都去德國學啤酒，青島曾是德國的殖民地，學的也是德國啤酒。",
        "劉安祺將軍口述史自訴曾搬青島啤酒機器來台 缺乏相關證據驗證",
        "（一）查核中心檢索相關資料，在《 劉安祺先生訪問記錄 》一書第155頁，作者詢問劉安祺撤退時帶了哪些單位來，劉安祺提及多個單位，並稱「今天公賣局釀造啤酒的機器就是我從青島帶來的」，但沒有其他更詳細的描述。",
        "",
        "圖2：《劉安祺先生訪問記錄》電子書第155頁／台灣事實查核中心擷圖（紅框為查核中心所加）",
        "（二）針對此份口述史內容，翁佳音表示，劉安祺僅講「啤酒的機器就是我從青島帶來的」，但來賓卻說成「劉安祺將軍把青島啤酒廠連工廠機器、技師都搬了」， 與口述資料有落差。此外，口述史在歷史學中證據力薄弱，需搭配其他證據驗證。",
        "翁佳音說，青島啤酒等財產戰後由國民黨接收，他們確實有運送機器來台，但不一定是啤酒釀造的機器。進一步檢視國民黨的文獻，對此紀錄也很模糊，恐怕沒有運啤酒相關機器的清單。",
        "至於青島啤酒廠，後來由中共國有繼續生產。翁佳音說，檢視青島啤酒的公開資訊，沒有證據顯示廠裡設備被國民黨軍帶走，臺灣啤酒的歷史文獻也沒談及青島機器，更沒有說原來日本遺留的生產線被運來的青島生產線取代。",
        "（三）針對機器設備部分，黃俊達說，臺灣啤酒生產設備項目繁雜，動力設備就分作水質處理、冷凍機、空壓機、鍋爐、發電及減壓站設備，啤酒生產設備又有原料處理、糖化、醱酵、包裝、過濾、滅菌等工序，根據1997年《臺灣省菸酒公賣局局志》、老員工的訪談，臺灣啤酒主要設備延續使用高砂麥酒株式會社應無疑義。",
        "至於酒廠的人員，黃俊達說，中研院台史所台灣史檔案館裡，有當初高砂麥酒結束被接收時間點的接管文獻，內有載明當時廠裡的工人跟技術人員的名單，在後續改為專賣時，許多老員工都繼續在廠裡工作，所以生產本身不是問題，並沒有從青島啤酒廠調人員來的需求。",
        "黃俊達說，不論是人員、設備或是技術，臺灣啤酒都是自高砂麥酒一脈相承。",
        "傳言所稱臺灣啤酒與青島啤酒是同一家，與歷史文獻及資深員工訪談內容皆不符",
        "（一）范雅鈞說，高砂麥酒及後續國民政府接收後的相關史料，皆可於台灣總督府檔案裡查找。除此之外，范雅鈞也曾於2002年拜訪公賣局各酒廠並接觸建國啤酒廠的老員工，根據這些耆老口述，也不是如傳言所述。",
        "（二）黃俊達協助詢問民國50-60年代及70年代進建國酒廠的工人，他們曾與經歷高砂麥酒時期的員工共事過，也不曾聽過網傳說法。近年台灣歷史資源經理學會與建國啤酒廠工會曾訪問過幾個老員工，也沒有聽過這樣的說法。",
        "至於青島啤酒的歷史，根據《 BBC 》報導，19世紀末，青島曾為德國殖民地，1903年為適應佔領軍及不斷增加的僑民對啤酒的需求，由來自德國的商人聯合投資在青島成立日耳曼啤酒公司青島股份公司，採用德國的釀造技術以及原料，在中國生產德國風味的啤酒，主要供應在中國的德國人和西方人。",
        "（記者：吳仲安；責任編輯：陳偉婷）",
        "本中心查核作業獨立進行，不受捐助者影響。",
        "台灣事實查核中心 捐款連結  (或掃QR Code) / 接受捐助準則"
    ]
},
{
    "url": "https://tfc-taiwan.org.tw/articles/11289",
    "fact_check": "事實釐清",
    "title": "【事實釐清】網傳「收到機車停車費未繳簡訊，點進連結繳費40元，帳戶存款被清空」？",
    "time": "2024-12-13",
    "tag_name": "事實查核報告",
    "question": "網傳「收到機車停車費未繳簡訊，點進連結繳費40元，帳戶存款被清空」？",
    "content": [
        "近期網路流傳訊息稱「朋友的同事收到機車停車費未繳簡訊，點進連結後帳戶存款被清空」。",
        "圖1-2：通訊軟體、社群平台流傳訊息擷圖",
        "查核點：網傳情境有可能會發生嗎？",
        "查核中心向165反詐騙專線求證。165專線人員表示，有一種詐騙手法確實是利用簡訊或電子郵件附上繳費連結，當民眾一點進去，網頁就會要求民眾線上輸入信用卡號、授權碼等個資，如果真的輸入了，就有可能被盜刷金錢；若能及時察覺不對勁而未輸入資料，則不會有事。",
        "只要不輸入信用卡及銀行帳密等個資，就不會被盜刷、盜領",
        "（一）資安專家劉彥伯表示，繳費詐騙連結主要是騙取受害人的信用卡資料，如果只是單純點入連結並不會有事，進一步輸入金融資料才會導致被盜刷、盜領。",
        "他說明，無論是誘騙受害人輸入信用卡個資，或是用假的網頁騙取網路銀行帳號密碼，再將受害人的存款轉走，以上詐騙要成立，前提都是要輸入信用卡或銀行帳密等金融資料。",
        "（二）查核中心在 第2384號查核報告 曾破解「過路費/停車費逾期未繳簡訊」的詐騙手法。",
        "無論是國道通行費或停車費的官方提醒簡訊，開頭都會明確顯示車主的「車號」，僅發送給特定車主，結尾也不會附帶需要民眾填寫刷卡資料的連結。因此，民眾只要收到開頭沒有顯示車主車號的「亂槍打鳥」簡訊，就必須提高警覺，千萬不要填寫信用卡號等個資。",
        "165反詐騙專線人員也表示，當民眾收到類似的欠費催繳簡訊且附上不明繳費連結，極有可能是詐騙簡訊，若點入簡訊附的連結，就會出現誘騙民眾填寫信用卡資料等個資的網頁。建議民眾可將此簡訊轉發到165反詐騙專線的簡訊處理中心（0911-511-111），由警方調查確認。",
        "懷疑收到假簡訊，可用Google找官網確認",
        "除了假的停車費催繳簡訊外，過去也曾有假冒監理站的交通罰單催繳簡訊、假冒監理站的汽燃費徵收簡訊、假冒台電與自來水公司的水電費催繳簡訊等，這些假簡訊與誘騙民眾繳費的頁面中，均不會有車牌號碼、車主姓名或身份證字號、水號、電號、地址等關鍵資訊。",
        "面對這類假冒政府機關的詐騙簡訊，最好的防範方式就是「不直接點選簡訊中的連結」、「不直接相信簡訊中的電話號碼」，而是在Google找到官方網站，從官方網站去找繳費連結，並善用官方網站所提供的電話號碼來求證。",
        "（記者：曾慧雯；責任編輯：陳偉婷）",
        "本中心查核作業獨立進行，不受捐助者影響。",
        "台灣事實查核中心 捐款連結  (或掃QR Code) / 接受捐助準則"
    ]
},
{
    "url": "https://tfc-taiwan.org.tw/articles/11278",
    "fact_check": "錯誤",
    "title": "【錯誤】網傳圖片「天下雜誌報導，薄瓜瓜婚禮驚現薄熙來」？",
    "time": "2024-12-09",
    "tag_name": "事實查核報告",
    "question": "網傳圖片「天下雜誌報導，薄瓜瓜婚禮驚現薄熙來」？",
    "content": [
        "前中共重慶市委書記薄熙來薄熙來兒子薄瓜瓜在台婚禮備受關注，網路除了流傳婚禮當天影像，臉書、X平台近期流傳一張《天下雜誌》的圖片，標題稱「薄瓜瓜婚禮驚現薄熙來」，照片可看見薄瓜瓜與薄熙來坐於前排。",
        "圖1：流傳訊息擷圖",
        "查核點：薄熙來出席薄瓜瓜婚禮，是真的嗎？",
        "「薄熙來、薄瓜瓜婚禮合照」是盜用無關影像P圖",
        "以肉眼檢視，可發現網傳圖片中，薄熙來與薄瓜瓜的頭部明亮度怪異、不太自然，推測可能經過變造。",
        "將網傳合照以圖反搜，可找到此段合照畫面是盜用一間婚禮攝影公司的flickr相簿。原始照片是2014年某家庭台灣民間文定喜宴影像，畫面中的當事人與薄熙來一家無關，原始照片中並無薄瓜瓜、薄熙來，兩人的頭像是P圖後製。",
        "圖2： 網傳照片原始影像比對／查核 中 心製圖",
        "天下雜誌無此報導",
        "經搜尋，《天下雜誌》 網站 並沒有薄熙來出席薄瓜瓜婚禮的相關報導； 實體雜誌 也沒有以薄熙來參加薄瓜瓜婚禮作為封面報導。可知，網傳圖片是盜用《天下雜誌》版面造假。",
        "無證據證明薄熙來出席薄瓜瓜婚禮",
        "根據《 新華網 》、《 美國之音 》報導，2013年薄熙來因涉受賄、貪汙判處無期徒刑，進入秦城監獄服刑至今。目前無薄熙來出獄相關公開資訊。",
        "檢視台灣媒體相關報導，也沒有薄熙來出席薄瓜瓜的婚禮相關資訊。根據《 鏡周刊 》、《 中央社 》等報導，前中共高官薄熙來兒子薄瓜瓜11月23日迎娶羅東博愛醫院創辦人許文政的孫女許惠瑜，婚宴地點辦在新竹南園；婚宴全程未對外公開，也未見政治人物或名人出席。",
        "【錯誤】網傳影片「薄瓜瓜與宜蘭小姐婚禮上，新娘母親的表演」？",
        "照片被盜用做假訊息？數位時代你可以這樣做",
        "資安專家劉彥伯提醒，網路、社群過度暴露的個人資料、照片影像、人際網絡關係，都可能提高自身的受害風險。",
        "劉彥伯提醒民眾，不要張貼會透漏個人身分資訊的相關影像於社群或網站。此外，自己的工作資訊、居住地點、親朋好友資訊、人際網絡關係等，也應該盡量避免曝光。這些個人足跡資訊，都容易被詐騙集團等利用，進一步詐騙、勒索或威脅。",
        "除了應避免過度暴露自身影像、個人資訊外，劉彥伯說，大家使用社群時，可以更改隱私權設定，降低個人資訊暴露的風險。",
        "（記者：馬麗昕；責任編輯：陳偉婷）",
        "本中心查核作業獨立進行，不受捐助者影響。",
        "台灣事實查核中心 捐款連結  (或掃QR Code) / 接受捐助準則"
    ]
},
{
    "url": "https://tfc-taiwan.org.tw/articles/11282",
    "fact_check": "錯誤",
    "title": "【易生誤解】網傳「汽機車注意！不管有無行人，路口未停讓秒噴1200」？",
    "time": "2024-12-10",
    "tag_name": "事實查核報告",
    "question": "【易生誤解】網傳「汽機車注意！不管有無行人，路口未停讓秒噴1200」？",
    "content": [
        "交通部長陳世凱12月2日在台中市視察大客車駕駛是否落實路口停等及指差確認，部分媒體當日報導稱，陳世凱到台中進行路口停讓稽查，當場查獲1機車沒有禮讓行人開罰，並稱陳世凱強調，汽機車駕駛行經路口，不管有無行人，右轉都要強制停等，客運、大貨車還要「 指差確認 」，否則都有罰則。",
        "媒體在社群推文也稱「汽機車注意！不管有無行人，路口未停讓秒噴1200元」，引起網友討論、轉傳。",
        "",
        "查核點一：汽機車右轉，不管有無行人，都要停等嗎？",
        "（一）根據道路交通管理處罰條例第44條規定，汽車駕駛人 行近行人穿越道或其他依法可供行人穿越的交岔路口， 有行人穿越時，不暫停讓行人先行通過者 ，處新台幣1200元以上6000以下罰鍰。",
        "（二）台中監理所表示， 台灣社會先前發生過數次客運業者轉彎時碾壓行人事故，因此現行針對汽車運輸業，特別是客運業、公車等，要求行經路口右轉時，不論有沒有行人，都要停等，且要做指差確認。但 目前法規並沒有規定「汽機車經過路口，不論有沒有人一律要停等」 。",
        "台中監理所表示，法規也清楚明訂，汽車駕駛人行近行人穿越道，有行人穿越時，不讓行人才要罰 。如果沒有行人，不需要刻意停等。",
        "不過，台中監理所也提醒，用路人行經路口，一定要注意來車或行人，要減速慢行，這是一般性的常識。",
        "（三）查核中心詢問員警，員警也表示，汽機車駕駛人行經路口要減速、注意行人跟路況，但如果沒有行人卻刻意停等，反而可能阻礙交通、甚至導致事故。",
        "查核點二： 還原交通部長陳世凱受訪脈絡",
        "交通部長陳世凱12月2日到台中路口視察客運營業大客車指差確認成效。",
        "查核記者 確認當日陳世凱受訪音檔 ，陳世凱回答記者詢問「大客車或貨車是否強制停讓」時表示，大客車、大貨車等職業駕駛未來路口右轉，不管有沒有行人，就必須強制停等並做指差確認。",
        "當記者追問，開罰是針對大客車，那所有車輛呢？是否經過沒人的路口還需要停讓？陳世凱則回答，所有的遺憾發生都是駕駛經過時，覺得沒有人，所以不管有沒有人在行人穿越道，大家就應該要停下來確認完再走。",
        "記者再問：「我們知道要停讓，但是不是硬性要做指差確認？」陳世凱則回應「（要求）客運業者」。",
        "從上述談話脈絡可知，陳世凱當天受訪談到，職業貨車、大客車未來路口右轉強制停等並做指差確認，並非所有駕駛。提及所有駕駛部分，陳世凱說到車輛應停讓行人的一般性原則，並無提及會開罰。",
        "（記者：陳偉婷；責任編輯：邱家宜） \n \n 補充資料",
        "客運營業客車右轉強制停等規定與罰則",
        "「 客運營業大客車」行至路口轉彎經過行人穿越道時，必須暫停並進行指差確認，再安全通過， 若沒落實停讓及指差確認動作，可依汽車運輸業管理規則規定，按公路法處罰業者公司9千元以上9萬元以下的罰鍰。",
        "根據汽車運輸業管理規則第19條第1項規定，汽車運輸業者應對所屬車輛及僱用人（駕駛人＿善盡安全管理責任。違反汽車運輸管理規則規定，依公路法第77條第1項規定處罰業者，包括處罰9千元以上9萬元以下等罰則。",
        "本中心查核作業獨立進行，不受捐助者影響。",
        "台灣事實查核中心 捐款連結  (或掃QR Code) / 接受捐助準則"
    ]
},
{
    "url": "https://tfc-taiwan.org.tw/articles/11280",
    "fact_check": "錯誤",
    "title": "【錯誤】網傳「英國提議，要將國內港口租給中國99年，以緩解經濟壓力」？",
    "time": "2024-12-09",
    "tag_name": "事實查核報告",
    "question": "網傳「英國提議，要將國內港口租給中國99年，以緩解經濟壓力」？",
    "content": [
        "近期網路流傳影片、訊息，聲稱英國宣布破產，提議將英國港口租給中國99年，以緩解國內經濟壓力。",
        "部分傳言版本則稱提議者為英國議員或英國媒體。",
        "圖1：Tiktok流傳影片擷圖",
        "圖2：臉書流傳訊息擷圖",
        "查核點：網傳「英國破產，提議港口租給中國99年」，是真的嗎？",
        "英國沒有破產 傳言來源是中國社群的個人評論",
        "（一） 查核報告3198號 已經查證，傳言稱英國「破產」是錯誤訊息。英國新任首相施凱爾（Keir Starmer）7月上任之初，曾說英國財政「窮困且支離破碎」（broke and broken），其實是批評前任政府留下財政缺口的政治語言，英國並沒有真的破產。",
        "（二）以關鍵字查詢 英國政府 、 英國國會 網站，均無官員或國會議員提議要把英國港口租給中國。英國主要媒體《路透社》、《泰晤士報》、《BBC》等，也沒有相關報導。",
        "（三）中國網路從8月開始，開始大量流傳「英國提議將港口租給中國」相關文章、影片，但消息來源並非媒體或公眾人物的發言，而是引用X平台某個人帳號貼文。",
        "該帳號自稱是40多歲的中國男子，他在 7月29日 引述《路透社》 報導 ，並添加個人評論：「中國可以在英國購買港口，或者租借99年，並且命名成新香港」（China could buy a port in the UK or lease it for 99 years and name it \"New Hong Kong\".）。",
        "綜合以上，英國並未破產，也沒有任何英國官員或議員提議將港口租給中國，網傳訊息只是來自X平台某帳號的個人評論。",
        "圖3：中國網路文章引述來源為X平台某帳號評論，並非英國官方、議員或媒體",
        "傳言流傳狀況",
        "相關傳言自今年8月在中國網路出現，同時間就已流入台灣。傳言有各式文字與影片版本，近期又出現大量AI影片，以「同一套文稿、不同AI主播」方式傳播。",
        "使用AI主播手法也曾在 「巴黎奧運台灣代表團名稱改成中國台北」 傳言發現，也曾發現中國 盜用外國網紅影像製造AI主播。 \n \n \n 圖4：中國網路傳言、AI主播影片",
        "（記者：許雲凱；責任編輯：陳偉婷）",
        "本中心查核作業獨立進行，不受捐助者影響。",
        "台灣事實查核中心 捐款連結  (或掃QR Code) / 接受捐助準則"
    ]
},
{
    "url": "https://tfc-taiwan.org.tw/articles/11274",
    "fact_check": "錯誤",
    "title": "【詐騙】網傳「WhatsApp檢測到您帳號未驗證，違反使用條款，請點入連結進行驗證」？",
    "time": "2024-12-06",
    "tag_name": "事實查核報告",
    "question": "【詐騙】網傳「WhatsApp檢測到您帳號未驗證，違反使用條款，請點入連結進行驗證」？",
    "content": [
        "近期有不少民眾在WhatsApp收到訊息，稱帳號未驗證，須點入網址進行驗證。",
        "",
        "圖1：社群平台流傳訊息擷圖",
        "查核點：網傳連結要用戶驗證，這是真的WhatsApp驗證機制嗎？",
        "（一）查核中心實際點入連結，網址會引導與一個帳號對話。",
        "",
        "圖2：點入連結出現畫面／台灣事實查核中心擷圖",
        "此帳號提供「安全驗證步驟」，要用戶根據圖卡指引，輸入對方提供的驗證碼。",
        "",
        "圖3：不明帳號提供的驗證步驟／台灣事實查核中心擷圖",
        "（二）查核中心採訪資安專家劉彥伯，他表示這是詐騙，此手法是假冒WhatsApp官方名義要用戶進行認證，進一步盜取帳號。",
        "劉彥伯說，對方本來就知道用戶的電話號碼，因此他只需要用戶協助輸入OTP（一次性驗證密碼），就可以在其他裝置上登入，並盜取帳號，進一步行騙。",
        "劉彥伯說，近期很多利用假的WhatsApp驗證進行詐騙，類似手法也可能在Line、Telegram上存在，民眾要多加留意。",
        "（三）「 165全民防詐 」曾於9月於臉書發文提醒民眾，注意WhatsApp的假冒官方的釣魚訊息，有不明人士以「系統偵測用戶違規」等名義，發送與官方相似的釣魚網址，誘騙民眾點擊並輸入帳號、密碼甚至手機認證碼，一旦輸入帳號即遭盜用。165提醒，民眾收到不明連結要先查證、不提供帳號密碼驗證碼。",
        "（記者：吳仲安；責任編輯：陳偉婷）",
        "本中心查核作業獨立進行，不受捐助者影響。",
        "台灣事實查核中心 捐款連結  (或掃QR Code) / 接受捐助準則"
    ]
},
{
    "url": "https://tfc-taiwan.org.tw/articles/11262",
    "fact_check": "錯誤",
    "title": "【易生誤解】網傳「劉姓男子5度判處死刑，大法官釋憲後，逆轉改判無期徒刑、成功逃死」？",
    "time": "2024-12-02",
    "tag_name": "事實查核報告",
    "question": "【易生誤解】網傳「劉姓男子5度判處死刑，大法官釋憲後，逆轉改判無期徒刑、成功逃死」？",
    "content": [
        "大法官今年9月20日做出死刑釋憲案 宣判 ，認為死刑合憲，但僅適用「最嚴重犯罪情節」，以及需符合「最嚴密法律程序」。",
        "近期流傳圖卡，聲稱2014年劉姓男子以鐵鎚殺害女教師，5度被判死刑，但大法官釋憲後，逆轉改判無期徒刑，罪犯成功逃死。",
        "圖1：社群平台流傳訊息擷圖",
        "查核點：網傳殺人案件是因大法官釋憲，才逆轉不判死刑嗎？",
        "劉男改判無期徒刑，早於大法官釋憲判決",
        "網傳案件發生在2014年間，劉姓男子為了搶奪車輛，於高雄市區隨機持鐵鎚殺害、性侵女教師。案件纏訟10年，直到今年10月才以無期徒刑定讞。",
        "一審高雄地方法院以強盜殺人罪判處死刑，二審高雄高分院判決維持死刑。後經劉男上訴，最高法院4度發回更審，更一審、更二審、更三審仍判處死刑， 更四審改判無期徒刑 。檢察官再上訴，遭最高法院 駁回 ， 維持更四審判決，全案定讞。",
        "更四審判決 指出，台灣於2009年簽訂的 《公民與政治權利國際公約》 ，具有國內法的效力，凡是死刑判決都須符合公約規定。本案是隨機、偶發性事件，不是計畫性殺人，不符公約第6條第2項所說「情節最重大之罪」。再根據醫療鑑定報告，也不能完全排除被告有更生改善可能性，因此本案不能科處死刑。",
        "判決說，判處無期徒刑，可讓被告劉男長期與社會隔絕，以免危害他人，也兼顧了更生改善、社會安全之維護。",
        "該案曾5度判處死刑，直到今年5月7日 更四審 才 改判無期徒刑，但大法官死刑釋憲 判決 是9月20日，晚於無期徒刑宣判。不是如網傳圖卡所說，是大法官釋憲後才逆轉改判無期徒刑。",
        "圖2：劉男強盜殺人案歷次判決／事實查核中心整理製表",
        "法律學者 ：大法官死刑釋憲並無導致逆轉改判",
        "曾擔任檢察官、法官，中央大學法律與政府所教授溫祖德表示，這個案子是高雄高分院先改判無期徒刑，之後才大法官釋憲，最後才是最高法院駁回上訴、維持原判，傳言說因釋憲讓罪犯逃死，誤解了審判的先後時序。",
        "溫祖德說明，檢方認為更四審判決違法而上訴，但最高法院 判決 認為 ，依刑事訴訟法 379條 規定，並沒有「 調查之證據未予調查」，或者「原判決有適用法則不當」情形， 檢方指稱判決違法的理由無法成立。",
        "溫祖德說，最高法院也引用最新死刑釋憲見解， 審查更四審判決。 最高法院 認為 原判決個案，並不符合 判處 死刑適用的「 犯罪情節最嚴重之情形 」，而且 刑事程序也合於「最嚴密之正當法律程序」條件 ，因此認為原判決並無違法，駁回檢方上訴。",
        "（記者：許雲凱；責任編輯：陳偉婷）"
    ]
},
{
    "url": "https://tfc-taiwan.org.tw/articles/11267",
    "fact_check": "錯誤",
    "title": "【錯誤】網傳影片「蒲亭的兒子親赴烏克蘭戰場」？",
    "time": "2024-12-04",
    "tag_name": "事實查核報告",
    "question": "網傳影片「蒲亭的兒子親赴烏克蘭戰場」？",
    "content": [
        "俄羅斯自2022年2月入侵烏克蘭，戰事已持續近3年，近期網路流傳一段影片，畫面是蒲亭幫一位男輕男性別上勳章的畫面，傳言宣稱是「蒲亭兒子親赴烏克蘭戰場」。除此之外，更有傳言以此與台灣對比，評論有台灣政治人物的小孩在國外，不願意留在台灣保家衛國等內容。",
        "",
        "圖1-2：社群平台流傳訊息擷圖",
        "查核點一：傳言稱「普丁兒子上戰場」是否屬實？",
        "網傳影片實為2022年蒲亭授予「俄羅斯英雄」稱號給俄國中尉Степану Белову",
        "查核中心以網傳影片畫面以圖反搜，找到俄媒相關報導，根據《октябрьский нефтяник》（俄羅斯聯邦下的巴什科爾托斯坦共和國傳媒部門及國有出版社共同創辦的媒體） 報導 ，2022年12月，根據俄羅斯聯邦總統令，蒲亭授予中尉Степану Белову（Belov Stepan Mikhailovich）「俄羅斯英雄」稱號。",
        "檢視報導照片，與網傳影片畫面相符，報導中亦有當日授予影片，檢視影片剪接點與網傳影片一致，網傳影片擷取自報導內容。",
        "此報導也採訪其母親Тамара Витальевна，網傳影片中男子與蒲亭（Владимирович）不同姓氏，母親也與蒲亭無關，並無證據顯示Степану Белову為普丁兒子。",
        "",
        "圖3：網傳影片中男子並非蒲亭兒子／台灣事實查核中心製圖",
        "根據外媒，普丁應有兩個與情婦所生的兒子，但並無他們上戰場的相關資訊",
        "根據《 Newsweek 》報導，蒲亭公開承認的兒女包含與前妻所生的兩名女兒Maria Vorontsova和Katerina Tikhonova；但根據消息，蒲亭還有兩位並未公開承認的兒子Ivan及Vladimir Vladimirovich Jr.。",
        "根據《 Forbes 》報導引用俄羅斯調查新聞機構《 The Dossier Center 》調查，蒲亭與職業體操運動員Kabaeva有兩個兒子，兩個兒子皆住在蒲亭位於莫斯科西北部的官邸，他們接受良好私人教育如音樂、游泳及體操等。",
        "以關鍵字「Putin」、「Son」、「War」、「Ukraine」等關鍵字搜尋，並無任何可信報導顯示蒲亭之子有參與烏俄戰事。",
        "（記者：吳仲安；責任編輯：邱家宜）",
        "本中心查核作業獨立進行，不受捐助者影響。",
        "台灣事實查核中心 捐款連結  (或掃QR Code) / 接受捐助準則"
    ]
},
{
    "url": "https://tfc-taiwan.org.tw/articles/11266",
    "fact_check": "錯誤",
    "title": "【移花接木】網傳圖片「12月3日深夜韓國宣布戒嚴後，首爾街頭出現大量軍車」？",
    "time": "2024-12-04",
    "tag_name": "事實查核報告",
    "question": "【移花接木】網傳圖片「12月3日深夜韓國宣布戒嚴後，首爾街頭出現大量軍車」？",
    "content": [
        "12月3日深夜，南韓總統 尹錫悅無預警宣布緊急戒嚴令，聲稱國內反對派控制國會，並透過與北韓有關的反國家行為意圖癱瘓政府，戒嚴是 為了剷除親北韓勢力，維護自由憲法秩序。",
        "不過，在國會議員過半數對戒嚴令投下反對票的情況下，尹錫悅的 內閣在12月4日清晨4時30分通過解除戒嚴的動議，戒嚴部隊也已撤回。",
        "12月3日深夜，台灣媒體與社群平台均流傳一張韓國街頭出現大量軍車的照片，並搭配文字訊息稱「南韓宣布戒嚴後，載有軍事人員的特殊車隊行駛於首爾街道」、「網友曝光路上出現軍車畫面」等。",
        "圖1-2：媒體流傳訊息擷圖",
        "查核點：網傳圖片與南韓緊急戒嚴事件有關嗎？",
        "網傳圖片實為1月南韓軍方訓練畫面",
        "（一）查核中心將網傳圖片利用Google以圖反搜，查到南韓媒體 《 首爾新聞 》2024年1月27日發布的 報導 內有相同圖片 ，報導指出，這是南韓陸軍都防司令部第一警衛大隊1月25日凌晨在首爾市中心進行的K808輪式裝甲車機動訓練。",
        "據報導，1月25日南韓軍方進行的裝甲車機動訓練，目的是在了解首爾作戰環境、加強準備，若一旦發生危機，將動員原駐地部隊保護作戰指揮部。此次訓練共出動約40名官兵及12輛裝甲車，車隊穿過市中心並途經首爾站。",
        "（二）查核中心檢視南韓國防情報局官方媒體《KFN News》2024年1月25日發布的 影片 ，可看到在01:00處出現的車隊畫面，與網傳圖片完全相同。",
        "由此可知，網傳圖片實為今年1月南韓陸軍的裝甲車訓練畫面，並非12月3 日尹錫悅宣布戒嚴後的首爾街頭景象。 圖3：2024年1月25日南韓軍方公布的裝甲車訓練影片擷圖",
        "尹錫悅宣布戒嚴後，並未聽聞有戰車上街頭的狀況",
        "查核中心詢問派駐韓國的 台灣記者 ，對方表示，並未聽聞在南韓總統宣布戒嚴後街頭有出現戰車，檢視韓國通訊社《韓聯社》及主流媒體《MBC》、《KBS》、《SBS》等，也都沒有報導網傳所稱戰車上街頭的訊息及畫面。",
        "根據《韓聯社》 報導 ，尹錫悅宣布戒嚴後，南韓國防部派出直升機與戒嚴部隊進入國會，但並未提到有出動戰車。",
        "（記者：曾慧雯、陳培煌；責任編輯：陳偉婷）",
        "本中心查核作業獨立進行，不受捐助者影響。",
        "台灣事實查核中心 捐款連結  (或掃QR Code) / 接受捐助準則"
    ]
},
{
    "url": "https://tfc-taiwan.org.tw/articles/11269",
    "fact_check": "錯誤",
    "title": "【移花接木】網傳照片「韓國總統尹錫悅宣布戒嚴，首爾街頭出現戰車」？",
    "time": "2024-12-04",
    "tag_name": "事實查核報告",
    "question": "【移花接木】網傳照片「韓國總統尹錫悅宣布戒嚴，首爾街頭出現戰車」？",
    "content": [
        "12月3日深夜，南韓總統尹錫悅無預警宣布緊急戒嚴令，聲稱國內反對派控制國會，並透過與北韓有關的反國家行為意圖癱瘓政府，戒嚴是為了剷除親北韓勢力，維護自由憲法秩序。",
        "不過，在國會議員過半數對戒嚴令投下反對票的情況下，尹錫悅的內閣在12月4日清晨4時30分通過解除戒嚴的動議，戒嚴部隊也已撤回。",
        "12月3日深夜，社群媒體如Threads、X平台流傳2張首爾街頭拍攝到軍隊戰車的畫面，許多台灣媒體也引用報導，宣稱是尹錫悅宣布戒嚴後，戰車開進首爾。",
        "圖1-3：社群平台流傳、媒體報導擷圖",
        "查核點：網傳照片與南韓緊急戒嚴有關嗎？",
        "尹錫悅宣布戒嚴後，沒有戰車上街頭",
        "根據 查核報告3367 ，查核中心詢問派駐韓國的台灣記者，對方表示，並未聽聞南韓總統宣布戒嚴後街頭有出現戰車，檢視韓國通訊社《韓聯社》及主流媒體《MBC》、《KBS》、《SBS》等，也都沒有戰車上街頭的訊息及畫面。",
        "根據《韓聯社》 報導 ，尹錫悅宣布戒嚴後，南韓國防部派出直升機與戒嚴部隊進入國會，但沒有提到有出動戰車。網傳 兩張首爾街頭的戰車照片，都是舊影像，皆與南韓12月3日的戒嚴事件無關。",
        "此外，韓國網路媒體 《데일리안》 也報導，這兩張網傳照片都是舊畫面，網傳韓國街頭出現戰車是假訊息。",
        "以下分別詳述照片查證過程：",
        "照片1：韓國目前沒有MINISTOP商家，照片為舊影像",
        "傳言畫面左邊看似有「MINI」字樣的倒影，透過派駐在當地的台灣記者協助檢視，該招牌為「MINISTOP」超商招牌，照片中顯示的黃、藍、白、紅色塊，是該超商的商標顏色。",
        "圖4：網傳照片並非近期拍攝／台灣事實查核中心製圖",
        "以「MINISTOP」檢索網路，Ministop是日本永旺集團（AEON）超商，根據該公司 網站 ，截至2024年10月31日，除日本有1849家分店、越南有182家，在南韓並無開設分店。",
        "根據《 韓國先驅報 》2022年12月21日報導，樂天集團以3133億韓元從日本永旺集團收購Ministop韓國業務，樂天集團的子公司Lotte CVS 711並向Korea Seven增資205億韓元，計畫在2023年底之前將所有Ministop門店全部轉換為7-Eleven。首爾商業報《 每日經濟新聞 》稱，截至2024年3月28日，已基本完成與Ministop的整合。",
        "傳言畫面出現的Ministop超商目前在南韓已經沒有分店，該品牌在南韓的超商據點已經被樂天集團收購，並轉換為7-Eleven。因此，可知傳言影片拍攝日期遠早於12月3日尹錫悅宣布戒嚴。",
        "照片2：照片景色不像近期首爾街頭",
        "以網傳照片反搜，找到更為 清晰的版本 ，照片可明顯辨識 CK聖母眼科診所 招牌（CK성모안과의원），該診所位於首爾瑞草區江南大路，經比對韓國地圖「Naver Map」 街景 ，可確定是網傳照片地點。",
        "網傳照片出現的行道樹，葉子茂盛且為綠色；比對同樣地點的歷年街景照（ 2022年11月 、 2015年12月 ），11月至12月間樹葉已轉黃且較稀疏，與網傳照片明顯不同。可推測網傳照片可能不是近期拍攝，應與12月3日韓國戒嚴事件無關。 \n \n \n 圖5：網傳照片並非近期拍攝／台灣事實查核中心製圖",
        "查核中心向專長植物辨識、樹木調查的東海大學景觀學系兼任講師林俊延求證，他檢視網傳照片地點在「Naver Map」街景裡的樹木照片後表示，根據樹幹上的花紋可判斷應為法國梧桐，但法國梧桐在氣溫接近攝氏0度時就會落葉，首爾近日降下 大雪 ， 樹葉應該都已掉落，不可能拍到綠葉景象。",
        "圖6：照片中出現的樹木，應為法國梧桐。／擷自Naver Map",
        "另詢問屏東科技大學生物科技系副教授周映孜，協助判斷照片的季節。周映孜說，照片這不可能是首爾冬天酷寒的自然樣態，應該是氣候較為溫暖的季節。",
        "從照片中的街景比對，以及樹木分析，可判斷網傳照片並非近期於首爾拍攝，與南韓3日戒嚴事件無關。",
        "（記者：許雲凱、馬麗昕、陳培煌、曾慧雯；責任編輯：陳偉婷）",
        "本中心查核作業獨立進行，不受捐助者影響。",
        "台灣事實查核中心 捐款連結  (或掃QR Code) / 接受捐助準則"
    ]
},
{
    "url": "https://tfc-taiwan.org.tw/articles/11260",
    "fact_check": "錯誤",
    "title": "【錯誤】網傳影片「薄瓜瓜與宜蘭小姐婚禮上，新娘母親的表演」？",
    "time": "2024-12-02",
    "tag_name": "事實查核報告",
    "question": "網傳影片「薄瓜瓜與宜蘭小姐婚禮上，新娘母親的表演」？",
    "content": [
        "前中共重慶市委書記薄熙來薄熙來兒子薄瓜瓜在台婚禮備受關注，臉書近期流傳一段影片稱是「薄瓜瓜與宜蘭小姐婚禮上，新娘母親的表演。」",
        "圖1：網傳影片擷圖",
        "查核",
        "查核點：影片跟薄瓜瓜婚禮有關嗎？",
        "薄瓜瓜婚禮於11月23日在新竹舉辦",
        "根據《 鏡周刊 》、《 中央社 》等報導，前中共高官薄熙來兒子薄瓜瓜11月23日迎娶羅東博愛醫院創辦人許文政的孫女許惠瑜，婚宴地點辦在新竹南園。",
        "報導指出，婚宴全程未對外公開，也未見政治人物或名人出席。直到近期才陸續有婚禮內部的畫面曝光在X平台，包括新人跳舞與現場舞龍舞獅等表演。",
        "網傳母親跳舞影片來自中國婚禮主持人抖音帳號  與薄瓜瓜婚禮無關",
        "將網傳影片擷圖反搜，可找到影片早在薄瓜瓜婚禮前10月初就流傳在 Instagram 、 TikTok 社群平台的中國帳號，影片內容為中國湖北宜昌一名母親在女兒婚禮跳舞，引起網路討論；社群貼文也沒有宣稱這是薄瓜瓜婚禮。",
        "此外，在社群流傳的影片浮水印顯示「宜昌主持人黃展」，經搜尋，黃展為定居在湖北宜昌的婚禮主持人，網傳影片是黃展在10月6日於其 抖音帳號 發布的婚禮側拍影片。該貼文描述影片是媽媽在女兒婚宴上跳舞的畫面，影片中可聽見主持人介紹該位母親姓李。 與今年11月底薄瓜瓜婚禮無關。",
        "圖2：影片來自中國婚禮主持人抖音帳號",
        "（記者：馬麗昕；責任編輯：陳培煌）",
        "本中心查核作業獨立進行，不受捐助者影響。",
        "台灣事實查核中心 捐款連結  (或掃QR Code) / 接受捐助準則"
    ]
},
{
    "url": "https://tfc-taiwan.org.tw/articles/11271",
    "fact_check": "部分錯誤",
    "title": "【部分錯誤】網傳「國、眾兩黨癱瘓財政，3分鐘搶走6612億，中央慘剩1157億」？",
    "time": "2024-12-05",
    "tag_name": "事實查核報告",
    "question": "網傳「國、眾兩黨癱瘓財政，3分鐘搶走6612億，中央慘剩1157億」？",
    "content": [
        "立法院 11月6日 審查「財政收支劃分法」草案，引發朝野衝突，只開會3分鐘，就將國民黨版等4個修法草案送出委員會，交付朝野協商，尚未完成修正。",
        "財政部當天發布 新聞稿 ，指稱國黨法案要求中央釋出6612億，導致可用財源剩下1157億。 網路隨即流 傳訊息、圖卡，稱國、眾兩黨癱瘓財政，3分鐘搶走6612億，中央慘剩1157億。",
        "圖1-2：社群平台流傳訊息擷圖",
        "查核點：網傳圖卡稱財劃法修法，「搶走6612億、中央剩1157億」，是否正確？",
        "網傳圖卡事件是指 11月6日 立法院財委會審查財劃法，引發朝野衝突。當日開會3分鐘後，主席國民黨立委陳玉珍即宣布完成審查，共有國民黨、伍麗華、賴瑞隆、蔡易餘等4個法案版本送出委員會，交付朝野協商。",
        "11月29日 財委會召開朝野協商會議，又納入民眾黨團草案一併協商，但會中並未獲得共識，決議由立院院長再度召開協商，日期未定。",
        "財政部試算：國黨版本要求中央釋出財源6612億",
        "圖卡所稱搶走6612億，是指國民黨團版本要求中央所釋出的財源，此數據來自財政部的試算報告（圖3），在財政部 11月6日新聞稿 也有引用。",
        "圖3：國民黨「財劃法」草案試算結果／來源：財政部",
        "主計總處：國黨財劃法通過，中央可用財源約剩6569億",
        "（一）網傳圖卡所稱中央剩下1157億，也來自財政部 新聞稿 。查核記者12月3日詢問財政部 官員 ，要求解釋1157億從何而來， 財政部回應「現在算法已有調整，目前以主計總處說法為準」 ，財政部不再對此議題發言。",
        "（二）主計長陳淑姿11月20日在立法院 指出 （04:10-04:20）， 以明年總預算估計，扣除法律支出、額外釋出6612億後，中央約剩下6000多億。此說法明顯與財政部不同。",
        "主計總處12月3日 受訪 表示，如果國民黨財劃法過關， 以114年總預算案推估的話，中央可用財源約剩下6569億 ，算法是：",
        "31,325（114年總預算歲出）－18,144（114年法律義務支出）－6612（國黨財劃法釋出財源）=6,569億",
        "主計總處解釋，「法律義務支出」是指法律規定政府應負擔的經費，如人事費、社會保險等，無法因財政困難而刪除或縮減的支出。因此用「歲出」減去「法律義務支出」，就是政府實際可用經費，如果國黨法案過關，再減6612億，剩下6569億就是可用財源。",
        "主計總處說，依照 國民黨法案 30條，也規定原先編給地方政府的 「一般性補助」 不能少於原先預算（114年為2501億），理論上也須從總預算扣除，但此筆預算其實已含在「法律義務支出」1兆8144億裡面，不須重複扣除。",
        "財政部稱中央剩下1157億，經查計算有誤",
        "依據財政部11月6日 新聞稿 、臉書 圖卡 ，並參考民主進步黨臉書 圖卡 、民進黨立委林楚茵臉書 圖卡 ，可以 還原 1157億如何計算，並發現計算有誤：",
        "圖4：還原財政部算式／事實查核中心製圖",
        "還原算式之後，可發現財政部算法與主計總處雷同，最大差異是多扣除兩筆給地方政府的補助款，即一般性補助2501億與計畫型補助2911億，經查此兩筆數據均有錯誤：",
        "第一，依據主計總處編製的「法律義務支出」明細表（圖5），1兆8144億已經包含一般性補助2501億，但此算式重複扣除，也就是多減2501億。",
        "第二，主計總處提供資料，114年計畫型補助款散見在各部會預算，加總為2410億，再加計前瞻特別預算才是2911億。但財政部算法以總預算歲出為母數，卻扣除總預算之外的前瞻預算，因此實際上多減501億。",
        "主計總處說，如果國民黨版財劃法通過，地方已經多拿到6612億，計畫型補助就會刪除或縮減，不太可能維持現有規模。",
        "因此，財政部算法公式錯誤，且誤用數據，多算了一般性補助2501億，並多算前瞻預算501億。倘若校正財政部公式，中央可用金額應為4159億，也非財政部本來計算的1157億。",
        "圖5：114年度總預算案「法律義務支出」明細表／ 來源 ：主計總處送交立法院總預算附件",
        "（記者：許雲凱；責任編輯：陳偉婷）",
        "【部分錯誤】網傳「財劃法修法，告訴我被偷走哪些錢」？",
        "本中心查核作業獨立進行，不受捐助者影響。",
        "台灣事實查核中心 捐款連結  (或掃QR Code) / 接受捐助準則"
    ]
},
{
    "url": "https://tfc-taiwan.org.tw/articles/11268",
    "fact_check": "錯誤",
    "title": "【易生誤解】網傳「茶包會釋放塑膠微粒，是隱藏的健康殺手」？",
    "time": "2024-12-04",
    "tag_name": "事實查核報告",
    "question": "【易生誤解】網傳「茶包會釋放塑膠微粒，是隱藏的健康殺手」？",
    "content": [
        "自9月28日起，有 媒體 在社群平台發文稱「茶包是隱藏的健康殺手」，並引用一項刊登於《新英格蘭醫學雜誌》刊登的一篇研究，稱塑膠微粒正在威脅人們的心血管健康。隨後，這篇貼文內容也被民眾廣為分享，並另外附上一段新聞報導影片稱「加拿大研究發現茶包沖泡後會釋出塑膠微粒」。",
        "圖1-3：通訊軟體、社群平台流傳訊息擷圖",
        "查核點一：沖泡茶包會釋出塑膠微粒嗎？",
        "塑膠茶包可能釋出塑膠微粒",
        "（一）根據台灣媒體科技中心（ SMC ） 「研究說茶包沖泡後會釋出塑膠微粒？」 文章， 成功大學食品安全衛生暨風險管理研究所副教授徐瑋萱提到， 一般茶包袋與咖啡袋材質可分為不織布、棉質、塑膠製3大類型，其中塑膠製包裝袋原料與寶特瓶同為PET材質，另外也有PP、PE或PA製成的產品；由於塑形容易、變化性高、過濾效果亦佳，為目前最常見的茶葉與咖啡包裝方式。",
        "（二）台大醫學院毒理研究所陳佳煌博士指出 ，台灣大學環境與職業健康科學研究所教授鄭尊仁所指導的一篇碩士 論文 提到，平均來說，聚丙烯（PP）材質的單位面積會釋出最多塑膠微粒（4.39 × 10 5 particles/cm 2），而單次的塑膠類食品容器使用，則是塑膠茶包平均會釋出最多的塑膠微粒（2.41 × 10 8 particles），其中又以聚乙烯混紡聚對苯二甲酸乙二醇酯（PE/PET）塑膠茶包的次微米塑膠微粒釋出量最高。",
        "（三）台北醫學大學臨床醫學研究所教授邱惠雯說，目前常用來分析塑膠顆粒的方法有不同儀器，每種儀器每種儀器各有優缺點和限制，因此，由於使用的儀器和方法不同，得到的結果可能也會不同。此外，每個地方的飲用水，其塑膠顆粒背景值以及不同茶包的材質等，也都是需要考量的因素。",
        "查核點二：塑膠微粒對健康有什麼影響？",
        "目前尚無證據證明塑膠微粒會危害人體健康",
        "（一）邱惠雯教授表示，目前尚無直接證據證實塑膠顆粒對人體具明確危害，且環境中的塑膠微粒是否對一般人群的健康有顯著影響，仍需更多科學驗證，也沒有 臨床研究文獻佐證茶包沖泡的塑膠微粒會影響人體健康。 因此，民眾不必過度憂慮。",
        "邱惠雯說，近年來許多研究均探討塑膠微粒對健康的影響。目前已有一些細胞與動物實驗顯示，塑膠顆粒可能引發神經毒性、肺部損傷、肝臟代謝異常、腎臟蓄積和損害、腸道傷害以及影響微生物菌群等多方面的不良反應。",
        "此外，以往的研究曾發現，職業環境中勞工長期大量接觸塑膠顆粒，可能與特定職業病存在關聯；另有研究分析人類檢體中塑膠顆粒的含量，試圖探討其與各種疾病的關係，只不過，目前還沒有直接證據證實塑膠顆粒對人體具明確危害。",
        "（二）陳佳煌 表示 ，目前相關文獻均說明「各類塑膠類食品容器」皆會釋出塑膠微粒，塑膠微粒也早已存在我們的生活環境中，然而，目前僅在細胞及動物實驗層面發現塑膠微粒會影響腎臟健康，至於是否對人體造成危害，目前尚未有定論。",
        "陳佳煌表示，相關研究的發現主要是提醒大家關注塑膠微粒造成的潛在健康風險，例如世界衛生組織（WHO）2022年所發布的 研究報告 ，建議民眾減少使用塑膠餐具、吸管、瓶裝水等一次性塑膠製品。但整體來說，目前還沒有塑膠微粒危害人體健康的有力證據。",
        "查核點三：網傳說法引述的研究，分別説了什麼？",
        "《新英格蘭醫學雜誌》研究尚未證實塑膠微粒與心血管疾病的因果關係",
        "（一）傳言提到《新英格蘭醫學雜誌》刊登的一篇 研 究 ，探討了心血管疾病與塑膠顆粒之間的潛在關聯。",
        "邱惠雯協助檢視研究後表示，該研究團隊從300多位接受頸動脈斑塊切除手術的患者身上提取斑塊樣本，並分析其中的塑膠顆粒含量。隨後，研究人員對這些患者進行了長達34個月的追蹤，評估塑膠顆粒與不良心血管事件之間的可能關係。結果顯示，斑塊中塑膠顆粒的存在，可能與不良心血管事件風險上升有關。",
        "邱惠雯表示，儘管該研究結果指出塑膠顆粒對心血管健康可能存在潛在風險，但仍需進一步研究來驗證這個關聯，並揭示其機制。",
        "（二）陳佳煌 也說，傳言提到的研究主要是要說明「心血管疾病風險與頸動脈斑塊中塑膠微粒的相關性」，至於「因果關係」則還無法在這個階段證實。",
        "陳佳煌說明，研究中的發炎因子數據，顯示與塑膠微粒含量可能具有正相關；然而，研究針對統計方面未提供相關解釋，尚無法說明兩者的相關性。",
        "（三）查核中心檢視研究，研究團隊強調，研究結果不能證明塑膠微粒與心血管疾病之間為「因果關係」，且該研究也沒有考慮PM2.5等空污的暴露水平，這也是心血管疾病的危險因子。",
        "此外，該研究團隊也表明，與典型的心血管疾病危險因子相較，塑膠微粒的影響可能是有限的，因為在過去的幾十年裡，接觸塑膠的情況可能一直在增加，但心血管疾病發生率則是持續下降。",
        "網傳新聞報導提到的加拿大研究有可能誤判與高估微粒數目",
        "網傳所附新聞報導提及2019年9月25日加拿大麥基爾大學團隊所發表的 研究 。根據台灣科技媒體中心（SMC） 2022年09月14日發布的 文章 ，台灣研究塑膠微粒的專家學者均表示，研究是在特定操作方法下得到的結論，還無法以此研究論沖泡茶包會造成塑膠微粒危害健康的風險，目前也還沒有研究能說明微塑膠對人體的健康影響。",
        "SMC文章中， 成功大學食品安全衛生暨風險管理研究所副教授徐瑋萱提到，加拿大研究團隊 使用掃描式電子顯微鏡、奈米粒子追蹤儀等設備進行分析，並計算塑膠微粒顆數，但這些設備僅可測定微粒的顆數，卻無法定性偵測到的每一顆微粒皆為塑膠微粒，因此，樣品中的氣泡、結晶物、可溶性寡聚物（oligomers）等，也有可能計入而造成誤判與高估微粒的數目，可說是此篇文獻最大的限制。",
        "此外，以一般人泡茶的習慣來說，通常是以150-200毫升的水浸泡一個茶包袋，但這篇文獻以10毫升的水同時沖泡3個茶包袋，似乎並不是一個適當的沖泡比例。",
        "（記者：曾慧雯；責任編輯：陳偉婷）",
        "",
        "本中心查核作業獨立進行，不受捐助者影響。",
        "台灣事實查核中心 捐款連結  (或掃QR Code) / 接受捐助準則"
    ]
},
{
    "url": "https://tfc-taiwan.org.tw/articles/11263",
    "fact_check": "錯誤",
    "title": "【錯誤】網傳影片「以色列製造蛋糕，作為土耳其產品出口，每個包裝內部有導致癱瘓的藥片」？",
    "time": "2024-12-03",
    "tag_name": "事實查核報告",
    "question": "網傳影片「以色列製造蛋糕，作為土耳其產品出口，每個包裝內部有導致癱瘓的藥片」？",
    "content": [
        "近期社群媒體流傳一段影片，影片中可看見疑似是外國零食巧克力蛋糕內含有白色藥丸，傳言稱「這個蛋糕是以色列製造的，作為土耳其產品出口到其他國家，每個包裝內都有導致癱瘓的藥片，不要吃！」",
        "圖1：臉書流傳影片擷圖",
        "查核點：以色列製作巧克力蛋糕含有白色暈眩藥片?",
        "檢視影片：蛋糕體上有明顯的接合處",
        "網傳影片顯示有民眾拆開一包零食巧克力蛋糕包裝，隨後扳開蛋糕體，迅速找到隱藏在內的白色藥丸。不過，影片有諸多不合理處，被拍攝者快速找到白色藥丸位置，似乎是原本就知道裡頭藏有東西。",
        "此外，將影片擷圖反搜，可找到更完整、畫質更清楚 版本 ，從畫面可以看到蛋糕體有明顯的接合處和洞，疑似蛋糕早就被動過手腳。",
        "圖2：網傳影片蛋糕體有明顯接合處／擷自網傳影片",
        "原始廠商澄清：該款產品沒有添加白色藥丸",
        "進一步檢視影片，可發現蛋糕外包裝寫「LUPPO」，經查詢是一家土耳其廠商「Şölen」製作的椰子口味巧克力派蛋糕「 LUPPO Choco Caccao 」。",
        "查核中心透過電子郵件詢問，廠商回應，這款蛋糕主要是出口販售到伊拉克，沒有進口到傳言提及的以色列，也沒有進口到台灣。",
        "廠商指出，製作此款產品時不會添加白色藥丸，所有產品製造都需經過嚴格的把關過程，且製作過程全是自動化生產，不可能人為添加藥丸。此外，產品也會經過外部單位檢驗，目前皆沒有檢驗出含有不法藥丸殘留；且食品出口到他國海關也會檢查，目前皆沒有回報任何異狀。",
        "根據土耳其查核組織《 Teyit 》2019年發布的 查核報告 ，該影片中出現的民眾所使用的語言為伊拉克官方語言中的一種，影片應拍攝於伊拉克庫德斯坦地區。",
        "伊拉克庫德斯坦地區政府衛生部也曾在2019年發布 聲明 指出，蛋糕沒有食品安全問題，蛋糕內也沒有類似藥丸的東西，這些藥丸是後來添加的。",
        "以色列製造蛋糕有藥丸？其實是國際老謠言變形",
        "用關鍵字搜尋，可發現此段謠言從2019年即開始流傳於印度、墨西哥、美國、土耳其等，原版謠言稱「土耳其製造的蛋糕含有白色暈眩藥片，將進口到以色列、美國」，後來此謠言傳進台灣後變形成「以色列製造蛋糕，作為土耳其產品出口到他國」 。",
        "土耳其查核組織《 Teyit 》、美國查核組織《 Snopes 》、印度查核組織《 Newschecker 》皆發布查核報告指出，影片為造假。且此款產品主要在伊拉克販售，沒有進口到以色列、美國。且該廠商也提供檢驗報告指出，食品安全無虞。",
        "（記者：馬麗昕；責任編輯：陳培煌）",
        "本中心查核作業獨立進行，不受捐助者影響。",
        "台灣事實查核中心 捐款連結  (或掃QR Code) / 接受捐助準則"
    ]
},
{
    "url": "https://tfc-taiwan.org.tw/articles/11259",
    "fact_check": "錯誤",
    "title": "【詐騙】網傳影片「台大內科教授張上淳在網路販售減重產品」？",
    "time": "2024-12-02",
    "tag_name": "事實查核報告",
    "question": "【詐騙】網傳影片「台大內科教授張上淳在網路販售減重產品」？",
    "content": [
        "11月29日起，社群平台流傳一段長度2分36秒的影片，內容是一名新聞主播正在播報「醫學界的醜聞：名醫對抗營養學家」，內容並多次引用台灣大學副校長、台大醫學院內科教授張上淳的影像畫面，宣稱張上淳販售的減重產品可幫助民眾一週減輕10公斤。",
        "圖1：社群平台流傳訊息擷圖",
        "查核點：網傳影片是真的嗎？",
        "（一）查核中心檢視網傳影片，可發現影片右上角有壓 國內某新聞台的logo，前半段為新聞主播播報 的片段，但主播的腔調及發音都非常奇怪，不像是真人講話。",
        "接著，影片後半段所引用疑似台灣大學副校長、台大醫學院內科教授張上淳受訪影片，也可發現講話時聲調及嘴型都不自然，尤其手部動作移到嘴巴附近時，明顯可見嘴部扭曲變形。因此，初步判斷此為AI深偽變造的影片。",
        "（二）查核中心利用多媒體鑑識平台分析網傳影片，可知網傳影片有高機率為深偽影片。",
        "",
        "圖2：多媒體鑑識平台分析結果擷圖（紅框為台灣事實查核中心所加）",
        "上傳影片的帳號實為一頁式詐騙網頁",
        "查核中心檢視上傳影片的臉書粉絲專頁帳號，發現該粉專所附的 官網連結 點開為一頁式詐騙網站。透過「粉絲專頁透明度」可發現該粉專的管理人員都在海外。",
        "另外，在「廣告檔案庫」也可看到該粉專自11月29日起，分別在臉書及IG刊登28次不同版本的廣告，內容都是在販售減重藥物。",
        "",
        "圖3-4：臉書擷圖（紅框為台灣事實查核中心所加）",
        "（記者：曾慧雯；責任編輯：陳培煌）",
        "【詐騙】網傳「中華隊12強奪冠同款Team Taiwan帽T預售中」？",
        "【詐騙】網傳連結「2024年新款智慧變焦老花眼鏡，100度-700度自動調節，不挑度數」？",
        "【錯誤】網傳網站「安眠藥使蒂諾斯的官方網站，無須處方箋可購買」？",
        "",
        "本中心查核作業獨立進行，不受捐助者影響。",
        "台灣事實查核中心 捐款連結  (或掃QR Code) / 接受捐助準則"
    ]
}
]