[
{
    "fact_check": "事實查核報告",
    "title": "【易生誤解】網傳「長老教會輕鬆獲得政府金援，不用計畫與核銷，因此能辦青鳥宴」？",
    "time": "2024-12-13",
    "tag_name": "事實查核報告",
    "question": "【易生誤解】網傳「長老教會輕鬆獲得政府金援，不用計畫與核銷，因此能辦青鳥宴」？",
    "content": [
        "經查：",
        "【報告將隨時更新 2024/12/13版】",
        "近期有立委宣稱，長老教會獲得政府金援，不用提出計畫與核銷，因此能辦青鳥宴。經查教會所得補助都需申請與核銷，補助款也與青鳥宴無關。",
        "一、原民會為了推廣族語，自2023年起針對原民教會有補助計畫，但各教會須提出計畫申請，事後也要核銷；網傳「不用計畫與核銷」為錯誤訊息。",
        "全國原民教會約900間，長老教會有540間約佔6成，因此近兩年所獲補助案也約佔6成。",
        "二、「安貞聯合會計事務所」負責教會補助費的核銷，該事務所受訪表示，教會必須將支出憑證上傳、審核，會計師還會到原民教會實地查核。",
        "三、青鳥宴由長老教會及其他民間團體共同舉辦，經費來自參加者報名費，長老教會並無出資。此外，原民教會所得補助需專款專用，與青鳥宴無關。",
        "長老教會確實獲得較多補助，但原因與教會比例較高有關，立委宣稱不用計畫與核銷並非事實，因此為「易生誤解」訊息。"
    ],
    "background": [],
    "check_detail": []
},
{
    "fact_check": null,
    "title": "【錯誤】網傳「英國提議，要將國內港口租給中國99年，以緩解經濟壓力」？",
    "time": "2024-12-09",
    "tag_name": "事實查核報告",
    "question": "網傳「英國提議，要將國內港口租給中國99年，以緩解經濟壓力」？",
    "content": [
        "經查：",
        "【報告將隨時更新 2024/12/9版】",
        "近期網路流傳影片、訊息，聲稱英國要把港口租給中國99年，以緩解國內經濟壓力。這是虛構的錯誤訊息。",
        "一、檢視英國政府官網或國會網站，不論官員或者國會議員，都無人提議要將港口租給中國。英國主流媒體《路透社》、《泰晤士報》、《BBC》等，也沒有相關報導。",
        "二、此一傳言自今年8月大量在中國網路出現，消息來源只是X平台某帳號的評論，並非來自英國官方、議員或媒體。",
        "英國並無提議出租港口給中國，因此傳言為「錯誤」訊息。"
    ],
    "background": [],
    "check_detail": []
},
{
    "fact_check": null,
    "title": "【錯誤】網傳影片「美國婦女抗議川普關稅政策全裸遊行，沒有中國便宜衣服進口我們穿什麼」？",
    "time": "2024-12-12",
    "tag_name": "事實查核報告",
    "question": "網傳影片「美國婦女抗議川普關稅政策全裸遊行，沒有中國便宜衣服進口我們穿什麼」？",
    "content": [
        "經查：",
        "【報告將隨時更新 2024/12/12版】",
        "美國總統大選由川普勝出，網路持續流傳川普上任後將進行的變革及政策等。近期流傳一段影片，稱是美國婦女為抗議川普關稅政策，全裸上街遊行；實際為無關影像。",
        "網傳影片為藝術家圖尼克（Spencer Tunick）拍攝裸體影像作品時的側拍畫面，作品拍攝於2004年的克里夫蘭一處鄰近港口碼頭的公園，畫面與近期川普政策無關。",
        "傳言挪用無關影像宣稱是抗議川普畫面，因此為「錯誤」訊息。"
    ],
    "background": [],
    "check_detail": []
},
{
    "fact_check": null,
    "title": "【錯誤】網傳影片「蒲亭女兒帶兵赴烏克蘭戰場」？",
    "time": "2024-12-09",
    "tag_name": "事實查核報告",
    "question": "網傳影片「蒲亭女兒帶兵赴烏克蘭戰場」？",
    "content": [
        "經查：",
        "【報告將隨時更新 2024/12/9版】",
        "近期網路流傳一段影片，宣稱蒲亭女兒親赴戰場；這是挪用無關影片的錯誤訊息。",
        "一、網傳影片實為2017年12月蒲亭在克里姆林宮會面參與敘利亞反恐行動的軍人，頒發勳章給塔蒂亞娜・科瓦列娃（Tatyana Kovaleva），她不是蒲亭的女兒。",
        "二、檢視外媒報導，並無蒲亭女兒上戰場的相關資訊。",
        "傳言挪用無關影片錯稱為蒲亭女兒上戰場，因此為「錯誤」訊息。"
    ],
    "background": [],
    "check_detail": []
},
{
    "fact_check": null,
    "title": "【錯誤】網傳影片「台灣啤酒前身是青島啤酒廠撤到台灣」？",
    "time": "2024-12-13",
    "tag_name": "事實查核報告",
    "question": "網傳影片「台灣啤酒前身是青島啤酒廠撤到台灣」？",
    "content": [
        "經查：",
        "【報告將隨時更新 2024/12/13版】",
        "網路流傳一段政論節目談話，稱「台灣啤酒前身是青島啤酒廠撤到台灣」，這是錯誤資訊。",
        "一、查核中心採訪台灣史學者翁佳音、《台灣酒的故事》作者范雅鈞與熟稔建國酒廠的專家黃俊達，皆表示網傳說法並無根據。",
        "臺灣啤酒源自1920年成立的「高砂麥酒株式會社」，1945年臺灣省行政長官公署接收「臺灣總督府專賣局」，改為「臺灣省專賣局」；2002年，公賣局改制為臺灣菸酒公司，臺灣啤酒並非源自於青島啤酒。",
        "臺灣菸酒公司也澄清，網傳說法與事實不符。",
        "二、政論節目中來賓稱台啤與青島啤酒風味相似；專家說其原因是青島前身為德國商人成立，臺灣啤酒也曾到德國學習釀酒技術，不能根據風味就說臺灣啤酒源於青島啤酒。",
        "三、檢視劉安祺將軍的口述史料，自稱「公賣局釀造啤酒的機器就是我從青島帶來的」。翁佳音表示，口述史證據力較為薄弱，目前並無其他證據可相互驗證。劉安祺也僅稱有帶機器來，與影片稱「機器跟技師都搬來」有落差。",
        "黃俊達也說，不論是人員、設備或是技術，臺灣啤酒都是自高砂麥酒一脈相承。",
        "臺灣啤酒源自1920年成立的高砂麥酒株式會社，並無可信史料顯示臺灣啤酒源自青島啤酒，因此傳言為「錯誤」訊息。"
    ],
    "background": [],
    "check_detail": []
},
{
    "fact_check": null,
    "title": "【錯誤】網傳公文「國務院中央軍委聯合發布通知，召回各軍境外家屬」？",
    "time": "2024-12-10",
    "tag_name": "事實查核報告",
    "question": "網傳公文「國務院中央軍委聯合發布通知，召回各軍境外家屬」？",
    "content": [
        "經查：",
        "【報告將隨時更新 2024/12/10版】",
        "網路流傳一張公文，宣稱是國務院與中央軍委聯合發布通知，要召回各軍境外家屬？這是造假文件。",
        "經多名軍事及中共事務專家檢視，都認為網傳文件是假的。",
        "一、專家們指出，網傳公文中有多處破綻，且部分行文處不符邏輯。例如此文件指出，此文是奉黨中央、國務院、中央軍委會批准，形成「自己核准自己」的詭異狀況。",
        "二、專家指出，兩個機構一起發文有違中共指揮體系。2015年軍改後，中共武裝力量的指揮權歸屬中央軍委會。以前可以看到國務院和中央軍委會有共同的軍事指揮範疇，但現在已全部歸到中央軍委會。",
        "三、文件的格式、用詞、單位名稱均有多處錯誤。例如正式文件，會用「中華人民共和國中央軍委會」字樣，不會使用「中共中央軍委會」這樣的簡稱；文件中出現「軍事紀律委員會」單位名稱，但該單位的正確名稱是「軍事紀律檢查委員會」，正式文件上機關的名稱不會用錯。",
        "網傳公文為造假文件，因此為「錯誤」訊息。",
        "【查核說明】本查核報告查核網傳文件真實性，至於中共對軍人親屬的相關政策，不在查核範疇。"
    ],
    "background": [],
    "check_detail": []
},
{
    "fact_check": null,
    "title": "【錯誤】網傳圖片「天下雜誌報導，薄瓜瓜婚禮驚現薄熙來」？",
    "time": "2024-12-09",
    "tag_name": "事實查核報告",
    "question": "網傳圖片「天下雜誌報導，薄瓜瓜婚禮驚現薄熙來」？",
    "content": [
        "經查：",
        "【報告將隨時更新 2024/12/9版】",
        "日前前中共高官薄熙來之子薄瓜瓜在台婚禮備受關注，社群流傳一張新聞雜誌封面，稱薄瓜瓜婚禮驚現薄熙來。這張圖片不是真的。",
        "一、網傳圖片盜用《天下雜誌》封面格式造假，婚禮大家族合照則是盜用2014年無關民眾的婚禮照片P圖而成。",
        "二、薄熙來自2013年因涉貪汙收賄被判處無期徒刑，進入秦城監獄服刑至今，沒有任何薄熙來已出獄的證據。",
        "網傳圖片實為造假P圖，因此為錯誤訊息。"
    ],
    "background": [],
    "check_detail": []
},
{
    "fact_check": null,
    "title": "【易生誤解】網傳「汽機車注意！不管有無行人，路口未停讓秒噴1200」？",
    "time": "2024-12-10",
    "tag_name": "事實查核報告",
    "question": "【易生誤解】網傳「汽機車注意！不管有無行人，路口未停讓秒噴1200」？",
    "content": [
        "經查：",
        "【報告將隨時更新 2024/12/10版】",
        "部分媒體及社群貼文稱稱，汽機車駕駛行經路口不管有沒有行人，都要強制停等，否則會受罰。此說法是錯的。汽機車駕駛行經路口要右轉時應注意，當有行人通過時，務必停等；但若沒有行人，可減速通過，不需刻意停等。",
        "一、道路交通管理處罰條例第44條規定，汽車駕駛人行近行人穿越道或其他依法可供行人穿越的交岔路口，有行人穿越時，不暫停讓行人先行通過者，處新台幣1200元以上6000以下罰鍰。",
        "二、監理所和警方表示，汽機車駕駛人行經路口應減速、注意路況，但若沒有行人，無須刻意停等。現行法規也沒有針對「無行人、未停等」狀態開罰。",
        "\n",
        "\n三、交通部表示，現行要求客運營業大客車，路口右轉時，無論有沒有行人都要強制停等並進行指差確認，如果違反規定會開罰。但這項罰則是針對客運營業大客車，不是針對所有汽機車駕駛人。",
        "\n",
        "\n汽機車駕駛行經路口確實要減速慢行、注意行人；但部分媒體誤解政策原意，將針對營業客運、貨車的強制停等，誤以為是所有汽機車駕駛都需遵守，因此為易生誤解的訊息。"
    ],
    "background": [],
    "check_detail": []
},
{
    "fact_check": null,
    "title": "【錯誤】網傳「有台灣公司以員工旅遊名義，將職員騙到柬埔寨販賣」？",
    "time": "2024-12-13",
    "tag_name": "事實查核報告",
    "question": "網傳「有台灣公司以員工旅遊名義，將職員騙到柬埔寨販賣」？",
    "content": [
        "經查：",
        "【報告將隨時更新 2024/12/13版】",
        "近期網路流傳訊息宣稱「有台灣公司以員工旅遊名義將職員詐騙至柬埔寨販賣」，經查內容為虛構情節。",
        "一、經向刑事警察局、台灣駐泰國代表處查證，台灣執法單位從未接獲網傳案件。此外，台灣、泰國旅遊業者，以及駐泰台灣記者也都表示，從未聽聞傳言情節曾經發生。",
        "二、傳言內容最早源自2022年8月初一篇臉書地方社團貼文，內容未引述任何消息來源，且貼文者並非官方或媒體人員。",
        "三、台灣駐泰國代表處表示，有部分台灣人利用泰國免簽便利，非法偷渡至緬甸、寮國、柬埔寨等地從事詐騙活動；民眾應該提高警覺，勿輕信高薪或運送貨品的求職廣告。",
        "傳言內容為虛構情節，因此為「錯誤」訊息。"
    ],
    "background": [],
    "check_detail": []
},
{
    "fact_check": null,
    "title": "【事實釐清】網傳「收到機車停車費未繳簡訊，點進連結繳費40元，帳戶存款被清空」？",
    "time": "2024-12-13",
    "tag_name": "事實查核報告",
    "question": "網傳「收到機車停車費未繳簡訊，點進連結繳費40元，帳戶存款被清空」？",
    "content": [
        "經查：",
        "【報告將隨時更新 2024/12/13版】",
        "近日網路流傳「點入不明連結繳費後帳戶存款被清空」訊息；專家提醒，確實有利用催繳停車費簡訊詐騙的手法，若民眾不慎輸入金融資訊，存款有可能被盜用。",
        "一、官方的國道通行費或停車費提醒簡訊，開頭會明確顯示車主的「車號」，僅發送給特定車主，結尾不會附帶需要民眾填寫刷卡資料的連結。",
        "民眾若收到開頭沒有顯示車主車號的「亂槍打鳥」簡訊，必須提高警覺，千萬不要填寫信用卡號等個資。",
        "二、資安專家表示，當收到有不明連結的繳費簡訊，單純點入連結不會影響帳戶，民眾不用太恐慌，若進一步輸入金融資訊才有可能被盜刷、盜領。"
    ],
    "background": [],
    "check_detail": []
}
]