[
{
    "fact_check": "事實查核報告",
    "title": "【易生誤解】網傳「長老教會輕鬆獲得政府金援，不用計畫與核銷，因此能辦青鳥宴」？",
    "time": "2024-12-13",
    "tag_name": "事實查核報告",
    "question": "【易生誤解】網傳「長老教會輕鬆獲得政府金援，不用計畫與核銷，因此能辦青鳥宴」？",
    "content": [
        "近期網路流傳訊息，無黨籍立委高金素梅宣稱長老教會輕鬆獲得政府每年上億金援，不用計畫與核銷，有源源不絕的經費辦全台「青鳥宴」。訊息又說，原住民族委員會近年捐助母語教會預算，分別是2023年6,830萬、2024年1.04億、2025年1.1億，長老教會就佔了7成。",
        "經查訊息來源為立委高金素梅12月4日臉書 貼文 ，且引發許多媒體跟進報導。",
        "圖1-2：社群平台流傳訊息擷圖",
        "圖3：立委高金素梅臉書12月4日貼文擷圖",
        "查核點一：原民會捐助母語教會，長老教會佔7成？",
        "長老教會約佔全國原民教會6成，因此所得補助案數 較高",
        "（一）原民會指出，立委所稱補助計畫為「原住民族教會推動語言發展獎勵計畫」，從2022年開始實施至今。為了推動原住民族語，因此針對原民教會有補助計畫，譬如教會有族語證道、族語詩歌等活動，都可提計畫申請，審核通過就能獲得補助。",
        "原民會指出，全國原民教會約900間，而長老教會就佔6成，因此長老教會自然會拿到較多補助，並不是原民會偏愛特定教會。 2022年共補助400間原民教會，長老教會有250間，2023年補助506間，長老教會有300間，長老教會佔比約 6成上下 。",
        "（二） 長老教會總會原住民宣教委會幹事歐蜜・偉浪表示，原民會的補助各教派都能來申請，補助不是只給長老教會。",
        "歐蜜・偉浪解釋，全國原民教會約900間，長老教會有540間約佔6成，因此才會拿到較多補助。以2022年來說，除了長老教會外，還有天主教派、安息日會、聖教派等10多個教派獲得補助。",
        "查核點二：長老教會輕鬆拿到補助，不必提出計畫與核銷嗎？",
        "任何教會都需提計畫與核銷",
        "（一）檢視原民會公布的原民教會推動族語補助辦法，不論是 2024年 或者 2023年 版本，都明確指出，教會要提出計畫申請，審核不過不予獎勵，且要經指定的會計師事務所核銷。",
        "查詢政府採購網（ 連結1 、 連結2 ）可知，原民教會的補助核銷業務採公開招標，得標者為「安貞聯合會計事務所」，該所近年也曾承辦衛福部、新北市、台中市等政府機關的 委外財務查核案 。",
        "圖4：原民教會申請補助須提計畫與核銷／來源：原民會官網",
        "（二）原民會表示，原民教會的補助計畫需要申請，各教派總會、區會、教會都可申請。事後也要核銷，承辦者為安貞聯合會計事務所，網傳「不用提計畫、不用核銷」為錯誤訊息。",
        "（三）安貞聯合會計事務所受訪表示，的確有承辦原民教會補助核銷業務。核銷分成「憑證查核」與「實地查核」兩種，「憑證查核」1年分兩期申報，各教會要把支出憑證如發票、收據等上傳到電子系統，由事務所審核。「實地查核」 則是1年1次，採抽查方式，由事務所派會計師到教會檢核帳冊。",
        "（四）長老教會中布中會總幹事撒蜜哪・以使馬哈善表示，不用提計畫與不用核銷是不實說法。以中布中會為例，轄下有26間教會，多位於中部的布農族部落，所屬教會提出計畫與核銷，都是由中會協助辦理，2023年與2024年分別有9間、12間原民教會得到補助。",
        "撒蜜哪・以使馬哈善說，審核計畫的是原民會，負責核銷的是安貞會計事務所，先前還曾來辦過核銷說明會（圖5）。經費的支出證明要上傳到「經費結報系統」（圖6），因填報項目繁瑣，很多教會都要修改多次才會審核通過。",
        "圖5： 原民教會補助計畫核銷說明會簡報 ／來源：撒蜜哪・以使馬哈善提供",
        "圖6：「經費結報系統」操作畫面翻拍／來源：撒蜜哪.以使馬哈善提供",
        "查核點三：長老教會舉辦青鳥宴，是因獲得政府金援嗎？",
        "原民教會所得補助須專款專用，與青鳥宴無關",
        "（一）網傳「青鳥宴」是指11月30日由長老教會總會主辦，及多個民間團體協辦的「重返新手村-台北青鳥回血大辦桌」活動。",
        "檢視長老教會的活動 貼文 ，可知該辦桌活動必須付費參加，費用每人1450到3000元不等，不是免費參加的活動。",
        "圖7：網傳青鳥宴需付費參加，並非免費活動／來源：長老教會教會與社會委員會臉書擷圖",
        "（二）長老教會原宣幹事歐蜜・偉浪說，11月30日的台北青鳥辦桌活動，是由長老教會總會及多個團體共同舉辦，活動費用來自參加者的報名費。長老教會沒有出錢，負責活動主持及聯絡等工作。",
        "歐蜜・偉浪解釋，原民會補助是直接撥到各個教會，只能用於族語推廣，必須專款專用，還要核銷，不能做其他經費使用。而且各個教會財務都是獨立的，也不會把補助款交給總會，傳言說用補助款辦青鳥宴是惡意連結。",
        "歐蜜・偉浪也澄清「長老教會承認1450」的說法，長老教會牧師的確在活動說「1450們晚安」（ 直播影片 1:28:23開始），但自稱1450是一種反諷，要反擊台派團體是網軍的說法，報名費特意設計成1450元，也是相同的反諷手法。",
        "（記者：許雲凱；責任編輯：邱家宜）",
        "本中心查核作業獨立進行，不受捐助者影響。",
        "台灣事實查核中心 捐款連結  (或掃QR Code) / 接受捐助準則"
    ],
    "background": [],
    "check_detail": []
},
{
    "fact_check": "事實查核報告",
    "title": "【錯誤】網傳影片「蒲亭女兒帶兵赴烏克蘭戰場」？",
    "time": "2024-12-09",
    "tag_name": "事實查核報告",
    "question": "網傳影片「蒲亭女兒帶兵赴烏克蘭戰場」？",
    "content": [
        "俄羅斯自2022年2月入侵烏克蘭，戰事已持續近3年，近期因美國大選結束，烏俄戰事後續備受國際關注。近期網路流傳一段影片，畫面是蒲亭幫一位女子別上勳章並獻花，傳言宣稱是「蒲亭女兒為國帶兵赴烏克蘭戰場」。",
        "",
        "圖1：社群平台流傳訊息擷圖",
        "查核點：傳言稱「蒲亭女兒帶兵赴烏克蘭戰場」是真的嗎？",
        "網傳影片是2017年12月 蒲亭頒發勳章給參與敘利亞反恐行動的軍人Tatyana Kovaleva",
        "查核中心將網傳影片擷圖以圖反搜，找到克里姆林宮官網一篇2017年12月發布的 新聞稿 中，蒲亭頒發勳章給士官塔蒂亞娜・科瓦列娃（Tatyana Kovaleva）的畫面，與網傳影片相符。",
        "根據新聞稿，蒲亭接見參與敘利亞反恐行動的軍人，在克里姆林宮頒發國家勳章給在敘利亞執行特殊任務有功的人士。",
        "",
        "圖2：克里姆林宮官網擷圖",
        "比對網傳影片中女子的衣著、獲頒的花束及場景，與新聞稿發布資訊相符。",
        "",
        "圖3：網傳影片中女子並非蒲亭女兒／台灣事實查核中心製圖",
        "檢視外媒，並無蒲亭女兒上戰場的相關資訊",
        "根據《 Newsweek 》報導，蒲亭公開承認的兒女包含與前妻所生的兩名女兒瑪莉亞沃龍佐娃（Maria Vorontsova）和卡特琳娜·吉霍諾娃（Katerina Tikhonova）。",
        "根據《 泰晤士報 》、《 獨立報 》、《 電訊報 》等多家英媒報導11月報導，烏克蘭媒體調查發現，蒲亭有一個化名的21歲私生女住在巴黎。",
        "以關鍵字「Putin」、「daughter」、「War」、「Ukraine」等關鍵字搜尋，並無任何可信報導顯示蒲亭女兒有參與烏俄戰事。",
        "（記者：吳仲安；責任編輯：陳偉婷）",
        "本中心查核作業獨立進行，不受捐助者影響。",
        "台灣事實查核中心 捐款連結  (或掃QR Code) / 接受捐助準則"
    ],
    "background": [],
    "check_detail": []
},
{
    "fact_check": "事實查核報告",
    "title": "【錯誤】網傳「英國提議，要將國內港口租給中國99年，以緩解經濟壓力」？",
    "time": "2024-12-09",
    "tag_name": "事實查核報告",
    "question": "網傳「英國提議，要將國內港口租給中國99年，以緩解經濟壓力」？",
    "content": [
        "近期網路流傳影片、訊息，聲稱英國宣布破產，提議將英國港口租給中國99年，以緩解國內經濟壓力。",
        "部分傳言版本則稱提議者為英國議員或英國媒體。",
        "圖1：Tiktok流傳影片擷圖",
        "圖2：臉書流傳訊息擷圖",
        "查核點：網傳「英國破產，提議港口租給中國99年」，是真的嗎？",
        "英國沒有破產 傳言來源是中國社群的個人評論",
        "（一） 查核報告3198號 已經查證，傳言稱英國「破產」是錯誤訊息。英國新任首相施凱爾（Keir Starmer）7月上任之初，曾說英國財政「窮困且支離破碎」（broke and broken），其實是批評前任政府留下財政缺口的政治語言，英國並沒有真的破產。",
        "（二）以關鍵字查詢 英國政府 、 英國國會 網站，均無官員或國會議員提議要把英國港口租給中國。英國主要媒體《路透社》、《泰晤士報》、《BBC》等，也沒有相關報導。",
        "（三）中國網路從8月開始，開始大量流傳「英國提議將港口租給中國」相關文章、影片，但消息來源並非媒體或公眾人物的發言，而是引用X平台某個人帳號貼文。",
        "該帳號自稱是40多歲的中國男子，他在 7月29日 引述《路透社》 報導 ，並添加個人評論：「中國可以在英國購買港口，或者租借99年，並且命名成新香港」（China could buy a port in the UK or lease it for 99 years and name it \"New Hong Kong\".）。",
        "綜合以上，英國並未破產，也沒有任何英國官員或議員提議將港口租給中國，網傳訊息只是來自X平台某帳號的個人評論。",
        "圖3：中國網路文章引述來源為X平台某帳號評論，並非英國官方、議員或媒體",
        "傳言流傳狀況",
        "相關傳言自今年8月在中國網路出現，同時間就已流入台灣。傳言有各式文字與影片版本，近期又出現大量AI影片，以「同一套文稿、不同AI主播」方式傳播。",
        "使用AI主播手法也曾在 「巴黎奧運台灣代表團名稱改成中國台北」 傳言發現，也曾發現中國 盜用外國網紅影像製造AI主播。 \n \n \n 圖4：中國網路傳言、AI主播影片",
        "（記者：許雲凱；責任編輯：陳偉婷）",
        "本中心查核作業獨立進行，不受捐助者影響。",
        "台灣事實查核中心 捐款連結  (或掃QR Code) / 接受捐助準則"
    ],
    "background": [],
    "check_detail": []
},
{
    "fact_check": "事實查核報告",
    "title": "【錯誤】網傳圖片「天下雜誌報導，薄瓜瓜婚禮驚現薄熙來」？",
    "time": "2024-12-09",
    "tag_name": "事實查核報告",
    "question": "網傳圖片「天下雜誌報導，薄瓜瓜婚禮驚現薄熙來」？",
    "content": [
        "前中共重慶市委書記薄熙來薄熙來兒子薄瓜瓜在台婚禮備受關注，網路除了流傳婚禮當天影像，臉書、X平台近期流傳一張《天下雜誌》的圖片，標題稱「薄瓜瓜婚禮驚現薄熙來」，照片可看見薄瓜瓜與薄熙來坐於前排。",
        "圖1：流傳訊息擷圖",
        "查核點：薄熙來出席薄瓜瓜婚禮，是真的嗎？",
        "「薄熙來、薄瓜瓜婚禮合照」是盜用無關影像P圖",
        "以肉眼檢視，可發現網傳圖片中，薄熙來與薄瓜瓜的頭部明亮度怪異、不太自然，推測可能經過變造。",
        "將網傳合照以圖反搜，可找到此段合照畫面是盜用一間婚禮攝影公司的flickr相簿。原始照片是2014年某家庭台灣民間文定喜宴影像，畫面中的當事人與薄熙來一家無關，原始照片中並無薄瓜瓜、薄熙來，兩人的頭像是P圖後製。",
        "圖2： 網傳照片原始影像比對／查核 中 心製圖",
        "天下雜誌無此報導",
        "經搜尋，《天下雜誌》 網站 並沒有薄熙來出席薄瓜瓜婚禮的相關報導； 實體雜誌 也沒有以薄熙來參加薄瓜瓜婚禮作為封面報導。可知，網傳圖片是盜用《天下雜誌》版面造假。",
        "無證據證明薄熙來出席薄瓜瓜婚禮",
        "根據《 新華網 》、《 美國之音 》報導，2013年薄熙來因涉受賄、貪汙判處無期徒刑，進入秦城監獄服刑至今。目前無薄熙來出獄相關公開資訊。",
        "檢視台灣媒體相關報導，也沒有薄熙來出席薄瓜瓜的婚禮相關資訊。根據《 鏡周刊 》、《 中央社 》等報導，前中共高官薄熙來兒子薄瓜瓜11月23日迎娶羅東博愛醫院創辦人許文政的孫女許惠瑜，婚宴地點辦在新竹南園；婚宴全程未對外公開，也未見政治人物或名人出席。",
        "【錯誤】網傳影片「薄瓜瓜與宜蘭小姐婚禮上，新娘母親的表演」？",
        "照片被盜用做假訊息？數位時代你可以這樣做",
        "資安專家劉彥伯提醒，網路、社群過度暴露的個人資料、照片影像、人際網絡關係，都可能提高自身的受害風險。",
        "劉彥伯提醒民眾，不要張貼會透漏個人身分資訊的相關影像於社群或網站。此外，自己的工作資訊、居住地點、親朋好友資訊、人際網絡關係等，也應該盡量避免曝光。這些個人足跡資訊，都容易被詐騙集團等利用，進一步詐騙、勒索或威脅。",
        "除了應避免過度暴露自身影像、個人資訊外，劉彥伯說，大家使用社群時，可以更改隱私權設定，降低個人資訊暴露的風險。",
        "（記者：馬麗昕；責任編輯：陳偉婷）",
        "本中心查核作業獨立進行，不受捐助者影響。",
        "台灣事實查核中心 捐款連結  (或掃QR Code) / 接受捐助準則"
    ],
    "background": [],
    "check_detail": []
},
{
    "fact_check": "事實查核報告",
    "title": "【易生誤解】網傳「汽機車注意！不管有無行人，路口未停讓秒噴1200」？",
    "time": "2024-12-10",
    "tag_name": "事實查核報告",
    "question": "【易生誤解】網傳「汽機車注意！不管有無行人，路口未停讓秒噴1200」？",
    "content": [
        "交通部長陳世凱12月2日在台中市視察大客車駕駛是否落實路口停等及指差確認，部分媒體當日報導稱，陳世凱到台中進行路口停讓稽查，當場查獲1機車沒有禮讓行人開罰，並稱陳世凱強調，汽機車駕駛行經路口，不管有無行人，右轉都要強制停等，客運、大貨車還要「 指差確認 」，否則都有罰則。",
        "媒體在社群推文也稱「汽機車注意！不管有無行人，路口未停讓秒噴1200元」，引起網友討論、轉傳。",
        "",
        "查核點一：汽機車右轉，不管有無行人，都要停等嗎？",
        "（一）根據道路交通管理處罰條例第44條規定，汽車駕駛人 行近行人穿越道或其他依法可供行人穿越的交岔路口， 有行人穿越時，不暫停讓行人先行通過者 ，處新台幣1200元以上6000以下罰鍰。",
        "（二）台中監理所表示， 台灣社會先前發生過數次客運業者轉彎時碾壓行人事故，因此現行針對汽車運輸業，特別是客運業、公車等，要求行經路口右轉時，不論有沒有行人，都要停等，且要做指差確認。但 目前法規並沒有規定「汽機車經過路口，不論有沒有人一律要停等」 。",
        "台中監理所表示，法規也清楚明訂，汽車駕駛人行近行人穿越道，有行人穿越時，不讓行人才要罰 。如果沒有行人，不需要刻意停等。",
        "不過，台中監理所也提醒，用路人行經路口，一定要注意來車或行人，要減速慢行，這是一般性的常識。",
        "（三）查核中心詢問員警，員警也表示，汽機車駕駛人行經路口要減速、注意行人跟路況，但如果沒有行人卻刻意停等，反而可能阻礙交通、甚至導致事故。",
        "查核點二： 還原交通部長陳世凱受訪脈絡",
        "交通部長陳世凱12月2日到台中路口視察客運營業大客車指差確認成效。",
        "查核記者 確認當日陳世凱受訪音檔 ，陳世凱回答記者詢問「大客車或貨車是否強制停讓」時表示，大客車、大貨車等職業駕駛未來路口右轉，不管有沒有行人，就必須強制停等並做指差確認。",
        "當記者追問，開罰是針對大客車，那所有車輛呢？是否經過沒人的路口還需要停讓？陳世凱則回答，所有的遺憾發生都是駕駛經過時，覺得沒有人，所以不管有沒有人在行人穿越道，大家就應該要停下來確認完再走。",
        "記者再問：「我們知道要停讓，但是不是硬性要做指差確認？」陳世凱則回應「（要求）客運業者」。",
        "從上述談話脈絡可知，陳世凱當天受訪談到，職業貨車、大客車未來路口右轉強制停等並做指差確認，並非所有駕駛。提及所有駕駛部分，陳世凱說到車輛應停讓行人的一般性原則，並無提及會開罰。",
        "（記者：陳偉婷；責任編輯：邱家宜） \n \n 補充資料",
        "客運營業客車右轉強制停等規定與罰則",
        "「 客運營業大客車」行至路口轉彎經過行人穿越道時，必須暫停並進行指差確認，再安全通過， 若沒落實停讓及指差確認動作，可依汽車運輸業管理規則規定，按公路法處罰業者公司9千元以上9萬元以下的罰鍰。",
        "根據汽車運輸業管理規則第19條第1項規定，汽車運輸業者應對所屬車輛及僱用人（駕駛人＿善盡安全管理責任。違反汽車運輸管理規則規定，依公路法第77條第1項規定處罰業者，包括處罰9千元以上9萬元以下等罰則。",
        "本中心查核作業獨立進行，不受捐助者影響。",
        "台灣事實查核中心 捐款連結  (或掃QR Code) / 接受捐助準則"
    ],
    "background": [],
    "check_detail": []
},
{
    "fact_check": "事實查核報告",
    "title": "【錯誤】網傳公文「國務院中央軍委聯合發布通知，召回各軍境外家屬」？",
    "time": "2024-12-10",
    "tag_name": "事實查核報告",
    "question": "網傳公文「國務院中央軍委聯合發布通知，召回各軍境外家屬」？",
    "content": [
        "8日起在X、臉書等社群平台和LINE開始流傳一張中國國務院與中央軍委聯合發布的文件，內容稱要召回各軍境外直系家屬，提交境外親屬詳情表等。",
        "",
        "圖1：通訊軟體流傳圖卡",
        "查核點：網傳國務院與中央軍委聯合發布通知限期召回軍屬，是真的嗎？",
        "專家指出，網傳公文有多處不合理",
        "（一）國防大學戰爭學院新聞系教授兼系主任傅文成指出，網傳文件不是原始文件。因為：",
        "1.中共中央軍委會發布的正式文件，會用「中華人民共和國中央軍委會」字樣，不會使用「中 共中央軍委會」這樣的簡稱。",
        "2.國務院不管軍事事務，不會有國務院與中央軍委會聯名的文件出現，因為指揮體系不對。",
        "3.文件條列的第4點中提到「軍事紀律委員會」，該單位的正確名稱是「軍事紀律檢查委員會」，正式文件上機關的名稱不會用錯。",
        "（二）查核中心採訪熟悉中國公文格式的《展望與探索》雜誌社特約研究員郭瑞華。郭瑞華說網傳公文是假的，有多處不合理。例如：",
        "1.格式錯誤：日期格式有誤，正式文件不會有「01」月這樣含有0的寫法。",
        "2.用詞有誤：公文上沒有「總辦」這樣的用法，若是國務院發布的會寫「國辦」，聯合發布也會則看是以哪個單位為主，如中央辦公廳跟國務院聯合發布，就會寫「國辦」或是「中辦」。",
        "除此之外，文件上不會出現「五大戰區」、軍委各「總部」等用詞。正確寫法會寫「各戰區」、軍委「直屬機關」。",
        "3.公文內容與發布單位不符：以通知的內容來看，與國務院沒有相關，這類事務中央軍委會直接發文即可，不需要聯合發文。",
        "網路流傳文件經查是經過編造的假文件／台灣事實查核中心製圖",
        "（三）國防大學中共軍事事務研究所副教授董慧明協助檢視文件後表示，網傳文件乍看是正式文件，但仔細看，會發現很多問題。",
        "1.國務院已不負責軍事業務",
        "董慧明表示，此份紅頭文件一開始出現國務院、中央軍委，但中共在2015年軍改後，中共武裝力量的指揮權歸屬到中央軍委會。以前還可以看到國務院和中央軍委會有共同的軍事指揮範疇，但現在都沒有了，全部歸到中央軍委會，所以聯名發布的方式就是一個顯而易見的破綻。",
        "此外，正規的紅頭文件也不會用簡稱「中央軍委」，而是會用全名「中央軍事委員會」，甚至可能會視發布對象和情節，使用更完整的「中國共產黨中央軍事委員會」或「中華人民共和國中央軍事委員會」。",
        "2.行文邏輯有問題",
        "董慧明說，此文件指出，此文是奉黨中央、國務院、中央軍委會批准，形成「自己核准自己」的詭異狀況。通常此類議題一定會有一個主責單位，再由上級批准。例如外交事務由國務院批准、國防動員由中央軍委批准。",
        "3.用詞有問題",
        "文件中有些遣詞用字與中共常用詞彙不同。例如文件出現「家屬」、「親屬」，一般中共會直接使用「軍屬」。內文第四點出現「軍事紀律委員會」不是正式名稱，其正式名稱為「中央軍事委員會紀律檢查委員會」，正式公文不會使用簡稱或俗稱。",
        "文件第五點出現「反間諜辦公室」，但目前並沒有這個單位。",
        "4.數字格式有誤",
        "文件第一點和第二點分別出現02月01日、01月01日，一般寫日期不會在前面加0。而且文件第四點又出現2月1日，此時數字前方又沒出現0，格式錯亂、不一致。",
        "5.發文者對中共軍事編制不瞭解",
        "中共有5大戰區，但在正式文件，不會自稱「五大戰區」。如果中央軍委會要發布命令，會講「各戰區」，而不是劈頭就說「五大戰區」。",
        "文件中出現「省軍區」，在正式文件中，若有提及省軍區編制，通常也會出現軍分區和衛戍區；文件出現「軍委各總部」，但軍改後已沒有總部，而是改成15個機構部門。",
        "此外，中共是以黨領軍，因此如果要逐級回報，也會用軍隊黨組織的系統處理事情，比較不會出現「排級以上」等軍隊逐級回報的方式，可見此文描繪的軍隊編制運作與現實不太相符。",
        "綜合以上，網傳公文出現諸多破綻，並非真實公文。",
        "（四）查核中心檢索，找到中共於2012發布的「 黨政機關公文格式 」，比對後可發現，網傳公文與公告格式有多處不符，如正文應以「3號仿宋體」，但網傳公文並非使用仿宋體；除此之外，公文應有標題為「XXX關於XXX的通知／請示」，但網傳公文僅有「國務院、中央軍委通知」，與正式格式不相符。",
        "【2024/12/11 更新說明】補充中共公文格式體例。",
        "（記者：吳仲安、陳偉婷；責任編輯：邱家宜）",
        "專家分析網傳公文",
        "董慧明表示，每個國家可能都會有其軍事管制作為，目前無法臆測網傳文件所提，要求軍人境外親屬回中國的事情是否屬實，不能完全說是子虛烏有，但從文件上是可以看出很多問題。 \n \n至於網路風向意圖將此公文帶向中國備戰；董慧明說，共軍近日確實有一些軍事動作，台灣的國防部對於有參考價值的共軍動態，也有即時公布資訊，降低民眾被假訊息誤傷的風險。現今做假訊息很方便，類似的假公文其實難以杜絕，一定會持續有人創造、有人傳散，建議民眾對此嚴肅議題，不要輕信網路傳言、不要轉傳，及時追蹤官方發布的正確資訊。",
        "國防安全研究院網路安全研究所曾怡碩副研究員則指出，這個文件本身或許不是真的，但製造文件者對中國政治與軍隊作風有掌握，文件內容可能反應目前中國軍隊內部的反貪腐動作，與共軍近期各項軍事動作無關。",
        "曾怡碩表示，為阻止軍方人士將貪腐所得交由親屬運往國外，中國近兩年來持續要求軍方人員海外親屬回國，這個文件傳達的意念乍看之下像是這一連續性要求的最後通牒。例如該文件指稱，「1月1日前將境外親屬名單造冊，2月1日前全部回國。有親屬逾期不歸的軍人將被停職，不配合辦理的會用反間諜罪審判。」",
        "曾怡碩指出，社群媒體上流傳的這份文件，其所要傳達的訊息，基本上是中國內部正進行一波反貪腐整肅，目前還看不出與 共軍目前在西太平洋的軍事活動 有關聯。"
    ],
    "background": [],
    "check_detail": []
},
{
    "fact_check": "事實查核報告",
    "title": "【錯誤】網傳影片「台灣啤酒前身是青島啤酒廠撤到台灣」？",
    "time": "2024-12-13",
    "tag_name": "事實查核報告",
    "question": "網傳影片「台灣啤酒前身是青島啤酒廠撤到台灣」？",
    "content": [
        "網路流傳一段政論節目上的談話，影片標題為「原來台灣啤酒前身是青島啤酒廠撤到台灣」，影片中，節目來賓稱中華民國撤退時，劉安祺將軍把青島啤酒廠的工廠、機器和技師都搬來台灣，稱臺灣啤酒跟青島啤酒是同一家。",
        "",
        "圖1：社群平台流傳訊息擷圖",
        "查核點：傳言稱「台灣啤酒前身是青島啤酒廠撤到台灣」是真的嗎？",
        "網傳說法與事實不符，臺灣啤酒前身為1920年代成立的高砂麥酒株式會社",
        "查核中心採訪臺灣菸酒公司，臺灣菸酒公司表示，網傳「台灣啤酒前身是青島啤酒廠撤到台灣」與事實不符。",
        "根據財政部財政史料陳列室網站「 高砂啤酒及臺灣啤酒史料 」歷史，1920年（日本大正9年）時，日本芳釀會社社長安部幸之助等人，邀約日本酒界共同成立高砂麥酒株式會社。1922年日本總督府推動酒類專賣，以增加財源收入，引起了日本企業群起抗議，最後將啤酒排除在外。1933年總督府重提啤酒專賣，並於當年7月實施銷售專賣。",
        "臺灣光復之後，臺灣省行政長官公署於1945年11月1日接收「臺灣總督府專賣局」，並改為「臺灣省專賣局」；2000年立法院通過菸酒管理法，菸酒專賣成為歷史；2002年時，公賣局改制為臺灣菸酒公司。",
        "查核中心也採訪中研院台灣史研究所研究員翁佳音、《台灣酒的故事》作者范雅鈞博士及熟稔建國酒廠歷史的台灣歷史資源經理學會副秘書長黃俊達，三位專家也表示，傳言說法並無根據，臺灣啤酒的前身為高砂麥酒株式會社。",
        "臺灣啤酒與青島啤酒 皆曾學習德國釀酒技術",
        "（一）翁佳音說，臺灣啤酒跟青島啤酒味道與釀製方法類似，是因當時日本啤酒釀造主要學自德國；另一方面，中國青島的英德啤酒釀造公司，於1916年被大日本麥酒會社買下，大日本麥酒會社也是臺灣高砂麥酒株式會社的股東，青島啤酒與臺灣啤酒原本就有這層日本與德國的關係，不是國民黨來台才產生。",
        "（二）范雅鈞表示，過去高砂麥酒株式會社一度瀕臨倒閉，之後台灣銀行接手重組，曾經派技師去德國重新學習釀酒技術生意才好轉，當時各國都去德國學啤酒，青島曾是德國的殖民地，學的也是德國啤酒。",
        "劉安祺將軍口述史自訴曾搬青島啤酒機器來台 缺乏相關證據驗證",
        "（一）查核中心檢索相關資料，在《 劉安祺先生訪問記錄 》一書第155頁，作者詢問劉安祺撤退時帶了哪些單位來，劉安祺提及多個單位，並稱「今天公賣局釀造啤酒的機器就是我從青島帶來的」，但沒有其他更詳細的描述。",
        "",
        "圖2：《劉安祺先生訪問記錄》電子書第155頁／台灣事實查核中心擷圖（紅框為查核中心所加）",
        "（二）針對此份口述史內容，翁佳音表示，劉安祺僅講「啤酒的機器就是我從青島帶來的」，但來賓卻說成「劉安祺將軍把青島啤酒廠連工廠機器、技師都搬了」， 與口述資料有落差。此外，口述史在歷史學中證據力薄弱，需搭配其他證據驗證。",
        "翁佳音說，青島啤酒等財產戰後由國民黨接收，他們確實有運送機器來台，但不一定是啤酒釀造的機器。進一步檢視國民黨的文獻，對此紀錄也很模糊，恐怕沒有運啤酒相關機器的清單。",
        "至於青島啤酒廠，後來由中共國有繼續生產。翁佳音說，檢視青島啤酒的公開資訊，沒有證據顯示廠裡設備被國民黨軍帶走，臺灣啤酒的歷史文獻也沒談及青島機器，更沒有說原來日本遺留的生產線被運來的青島生產線取代。",
        "（三）針對機器設備部分，黃俊達說，臺灣啤酒生產設備項目繁雜，動力設備就分作水質處理、冷凍機、空壓機、鍋爐、發電及減壓站設備，啤酒生產設備又有原料處理、糖化、醱酵、包裝、過濾、滅菌等工序，根據1997年《臺灣省菸酒公賣局局志》、老員工的訪談，臺灣啤酒主要設備延續使用高砂麥酒株式會社應無疑義。",
        "至於酒廠的人員，黃俊達說，中研院台史所台灣史檔案館裡，有當初高砂麥酒結束被接收時間點的接管文獻，內有載明當時廠裡的工人跟技術人員的名單，在後續改為專賣時，許多老員工都繼續在廠裡工作，所以生產本身不是問題，並沒有從青島啤酒廠調人員來的需求。",
        "黃俊達說，不論是人員、設備或是技術，臺灣啤酒都是自高砂麥酒一脈相承。",
        "傳言所稱臺灣啤酒與青島啤酒是同一家，與歷史文獻及資深員工訪談內容皆不符",
        "（一）范雅鈞說，高砂麥酒及後續國民政府接收後的相關史料，皆可於台灣總督府檔案裡查找。除此之外，范雅鈞也曾於2002年拜訪公賣局各酒廠並接觸建國啤酒廠的老員工，根據這些耆老口述，也不是如傳言所述。",
        "（二）黃俊達協助詢問民國50-60年代及70年代進建國酒廠的工人，他們曾與經歷高砂麥酒時期的員工共事過，也不曾聽過網傳說法。近年台灣歷史資源經理學會與建國啤酒廠工會曾訪問過幾個老員工，也沒有聽過這樣的說法。",
        "至於青島啤酒的歷史，根據《 BBC 》報導，19世紀末，青島曾為德國殖民地，1903年為適應佔領軍及不斷增加的僑民對啤酒的需求，由來自德國的商人聯合投資在青島成立日耳曼啤酒公司青島股份公司，採用德國的釀造技術以及原料，在中國生產德國風味的啤酒，主要供應在中國的德國人和西方人。",
        "（記者：吳仲安；責任編輯：陳偉婷）",
        "本中心查核作業獨立進行，不受捐助者影響。",
        "台灣事實查核中心 捐款連結  (或掃QR Code) / 接受捐助準則"
    ],
    "background": [],
    "check_detail": []
},
{
    "fact_check": "事實查核報告",
    "title": "【錯誤】網傳影片「美國婦女抗議川普關稅政策全裸遊行，沒有中國便宜衣服進口我們穿什麼」？",
    "time": "2024-12-12",
    "tag_name": "事實查核報告",
    "question": "網傳影片「美國婦女抗議川普關稅政策全裸遊行，沒有中國便宜衣服進口我們穿什麼」？",
    "content": [
        "2024年11月5日美國舉行總統大選，由川普當選勝出。近期網路流傳影片稱畫面是「美國婦女抗議川普關稅政策，全裸遊行」並稱「沒有中國便宜衣服由海運進口要穿什麼」。",
        "",
        "圖1：社群平台流傳訊息擷圖",
        "查核點：傳言稱影片是「美國婦女抗議川普關稅政策，全裸遊行」是否屬實？",
        "網傳影片為2004年藝術家Spencer Tunick拍攝裸體影像畫面，與近期川普政策無關",
        "（一）查核中心檢視網傳影片，在2分55秒處在裸體群眾後方出現出現一艘印有「William&Mather」字樣的郵輪，以此為關鍵字加上「裸體」等其他關鍵字搜尋，找到肯特州立大學（Kent State University）的網站，一篇2004年發布的 文章 ，標題為「人們為了藝術在克里夫蘭裸體 （Naked for art’s sake People bare it all in Cleveland for artist）」，文中描述有2000多人在克里夫蘭一處公園中，參與藝術家圖尼克（Spencer Tunick）所號召的裸體拍攝活動。",
        "該文章描述拍攝活動進行的地點為克里夫蘭靠近港口碼頭的「沃伊諾維奇二百周年紀念公園（Voinovich Bicentennial Park）」，檢視地點 街景 ，與網傳影片中所出現的場景相符。",
        "",
        "圖2：網傳影片拍攝於克里夫蘭「沃伊諾維奇二百周年紀念公園」／台灣事實查核中心製圖",
        "（二）查核中心繼續檢索Spencer Tunick相關資訊，在他個人官網找到一張在2004年發布的攝影 作品 ，其場景與網傳影片4分20秒處相符。",
        "",
        "圖3：網傳影片是藝術家Spencer Tunick拍攝裸體影像作品／台灣事實查核中心製圖",
        "綜合以上，網傳影片為2004年藝術家拍攝裸體影像作品時的側錄，與近期川普政策無關。",
        "（記者：吳仲安；責任編輯：邱家宜）"
    ],
    "background": [],
    "check_detail": []
},
{
    "fact_check": "事實查核報告",
    "title": "【錯誤】網傳「有台灣公司以員工旅遊名義，將職員騙到柬埔寨販賣」？",
    "time": "2024-12-13",
    "tag_name": "事實查核報告",
    "question": "網傳「有台灣公司以員工旅遊名義，將職員騙到柬埔寨販賣」？",
    "content": [
        "網路近期流傳訊息宣稱「近期出現販賣人口的新手法，嫌犯會在台灣開設合法公司，雇用員工並正常營運數月，之後以公司旅遊為名，將員工招待至泰國旅遊，實際卻被送往柬埔寨西哈努克港，再販賣給當地黑幫......」等內容。",
        "圖1-2：網路流傳訊息擷圖",
        "查核點：網傳說法是真的嗎？",
        "台灣執法單位從未接獲網傳案件",
        "查核中心諮詢刑事警察局、台灣駐泰國代表處，均無接獲通報有網傳所稱「有台灣公司透過泰國員旅方式，將公司職員詐騙至柬埔寨進行人口販賣」情況。",
        "旅行業者、駐泰新聞從業人員從未聽聞傳言情節",
        "詢問在外派泰國工作超過7年的台灣記者、品保協會發言人李奇嶽，均表示從未聽聞在泰國有發生網傳相關案件。",
        "旅居泰國20幾年、從事旅遊業的鄭先生表示，從來都沒有聽過傳言情節。撰寫傳言內容的人應該是沒有經過思考，就編造這種假訊息；如果傳言情節曾經發生過，這些員工家屬不會報警嗎？如果家屬有報警，就會是大新聞，但現在都沒有相關訊息，顯然沒有這件事情。",
        "傳言源自2022年8月臉書社團貼文，但內容並無引述任何消息來源",
        "透過關鍵字檢索，找到網傳內容源自2022年8月初的臉書貼文；檢視該文內容，並無引述任何消息來源，且貼文者並非政府機構或新聞媒體從業人員，無從證實其訊息來源與真實性。",
        "隨後2022年8月15日有醫師在其粉專發文，內容與上述貼文相似，但該醫師的消息來源卻變成「今天跟餐飲業老闆朋友聊天......他聽說最新的做法是在台灣開設新公司招募員工，半年後舉行員工旅遊，招待員工到柬埔寨玩，然後就…」；該貼文也稱不曉得訊息真偽為何。",
        "部分台灣人利用泰國免簽前往鄰近國家從事詐騙工作",
        "駐泰國代表處2024年12月3日發布 新聞稿 提醒，有部分台灣人利用泰國免簽及交通便利，抵達泰國後非法偷渡至緬甸、寮國、柬埔寨等地從事詐騙工作，且相關案件數量不斷攀升。",
        "代表處指出，詐騙是違法行為，台泰政府均在加強打擊相關不法行為，民眾切勿相信不實求職廣告，如協助載運黃金或貨品、從事客服及高薪收入等宣傳；民眾抵達泰國後，發現情況可疑，可連繫提供中文服務的泰國觀光警察24小時服務專線（泰國境內電話直撥1155或撥打+66-2-134-0521）求援協助。",
        "（記者：陳培煌；責任編輯：陳偉婷）",
        "",
        "本中心查核作業獨立進行，不受捐助者影響。",
        "台灣事實查核中心 捐款連結  (或掃QR Code) / 接受捐助準則"
    ],
    "background": [],
    "check_detail": []
},
{
    "fact_check": "事實查核報告",
    "title": "【事實釐清】網傳「收到機車停車費未繳簡訊，點進連結繳費40元，帳戶存款被清空」？",
    "time": "2024-12-13",
    "tag_name": "事實查核報告",
    "question": "網傳「收到機車停車費未繳簡訊，點進連結繳費40元，帳戶存款被清空」？",
    "content": [
        "近期網路流傳訊息稱「朋友的同事收到機車停車費未繳簡訊，點進連結後帳戶存款被清空」。",
        "圖1-2：通訊軟體、社群平台流傳訊息擷圖",
        "查核點：網傳情境有可能會發生嗎？",
        "查核中心向165反詐騙專線求證。165專線人員表示，有一種詐騙手法確實是利用簡訊或電子郵件附上繳費連結，當民眾一點進去，網頁就會要求民眾線上輸入信用卡號、授權碼等個資，如果真的輸入了，就有可能被盜刷金錢；若能及時察覺不對勁而未輸入資料，則不會有事。",
        "只要不輸入信用卡及銀行帳密等個資，就不會被盜刷、盜領",
        "（一）資安專家劉彥伯表示，繳費詐騙連結主要是騙取受害人的信用卡資料，如果只是單純點入連結並不會有事，進一步輸入金融資料才會導致被盜刷、盜領。",
        "他說明，無論是誘騙受害人輸入信用卡個資，或是用假的網頁騙取網路銀行帳號密碼，再將受害人的存款轉走，以上詐騙要成立，前提都是要輸入信用卡或銀行帳密等金融資料。",
        "（二）查核中心在 第2384號查核報告 曾破解「過路費/停車費逾期未繳簡訊」的詐騙手法。",
        "無論是國道通行費或停車費的官方提醒簡訊，開頭都會明確顯示車主的「車號」，僅發送給特定車主，結尾也不會附帶需要民眾填寫刷卡資料的連結。因此，民眾只要收到開頭沒有顯示車主車號的「亂槍打鳥」簡訊，就必須提高警覺，千萬不要填寫信用卡號等個資。",
        "165反詐騙專線人員也表示，當民眾收到類似的欠費催繳簡訊且附上不明繳費連結，極有可能是詐騙簡訊，若點入簡訊附的連結，就會出現誘騙民眾填寫信用卡資料等個資的網頁。建議民眾可將此簡訊轉發到165反詐騙專線的簡訊處理中心（0911-511-111），由警方調查確認。",
        "懷疑收到假簡訊，可用Google找官網確認",
        "除了假的停車費催繳簡訊外，過去也曾有假冒監理站的交通罰單催繳簡訊、假冒監理站的汽燃費徵收簡訊、假冒台電與自來水公司的水電費催繳簡訊等，這些假簡訊與誘騙民眾繳費的頁面中，均不會有車牌號碼、車主姓名或身份證字號、水號、電號、地址等關鍵資訊。",
        "面對這類假冒政府機關的詐騙簡訊，最好的防範方式就是「不直接點選簡訊中的連結」、「不直接相信簡訊中的電話號碼」，而是在Google找到官方網站，從官方網站去找繳費連結，並善用官方網站所提供的電話號碼來求證。",
        "（記者：曾慧雯；責任編輯：陳偉婷）",
        "本中心查核作業獨立進行，不受捐助者影響。",
        "台灣事實查核中心 捐款連結  (或掃QR Code) / 接受捐助準則"
    ],
    "background": [],
    "check_detail": []
}
]