[
    {
        "content": "他直言不諱地揭露了美國國際開發署的驚天內幕,利用美國納稅人的資金暗中資助生物武器的研發並涉嫌製造了導致數百萬人死亡的新冠病毒。\n馬斯克的言辭之激烈,情緒之憤怒可見一斑。他怒斥美國國際開發署為犯罪組織,強烈呼籲應將其徹底解散。\n這一表態迅速引發了廣泛關注,人們紛紛猜測其中的真假與緣由。\n更令人矚目的是,不久後,美國總統特朗普也站了出來,表達了與馬斯克類似的立場。\n他認為美國國際開發署的行為已經觸犯了法律應該立即解散並追究相關人員的刑事責任。\n兩位重量級人物的先後表態無疑讓這一事件更加撲朔迷離。\n拜登政府此前一直否認美國有類似計劃和項目,甚至試圖將新冠病毒的出現歸咎於其他國家。\n然而,如今馬斯克和特朗普的揭露無疑讓全球對美國國際開發署的做法充滿了憤怒和質疑。\n這一事件將如何發展,我們實在太震驚了。\n太震驚了。\n這一消息猶如一枚重磅炸彈。",
        "url": "https://cofacts.tw/article/zOfY1pQBYrjt7MSMDnk0",
        "true_or_false": "Fuzzy",
        "according_to": []
    },
    {
        "content": "10:39\n7-ELEVEN賣貨便官方授權招...\n7-ELEVEN賣貨便官方授權招商\n團隊-良辰Angel\n711good_ness · Instagram\n10:24\n您好,我是7-ELEVEN賣貨便官\n方授權-良辰桔市專案主任Angel\n新加入7-11賣貨便平台,立刻申請\n免運活動!只要上架商品,就能\n享受免運補貼,店到店60天常溫\n商品最高300件、冷凍商品100件\n免運!快來把握這個機會,輕鬆\n擴大銷售,提升曝光!\n歡迎私訊我提供申請資料給您。\n7-ELEVEN賣貨便\n賣貨便招商新戶免運\n7-ELEVEN賣貨便希望能邀請更多賣家來使用賣貨\n便,提供業務免費輔導上架成為賣貨便用戶,官方\n特別贈送\n【開店禮 免運費60天】\n期間由7-11替客人吸收運費(常溫$38/冷凍$129)\n且不限客人購買次數,不限賣場型態使用\nAa\n",
        "url": "https://cofacts.tw/article/zOeR2ZQBYrjt7MSMTHwq",
        "true_or_false": "Fuzzy",
        "according_to": []
    }
]