[
    {
        "tag_name": "FactCheck",
        "section_title": "錯誤、生活",
        "url": "https://tfc-taiwan.org.tw/fact-check-reports/phone-number-age-math-formula/",
        "title": "「用手機號碼推算年齡」是設計好的數學算式",
        "word_count": 1240,
        "keywords": [
            "錯誤",
            "生活"
        ],
        "publish_time": "2025-02-04",
        "fact_check_info": "錯誤",
        "content": "網傳「用手機號碼最末碼可以推算出年齡」？\n\n這是經過設計的數學算式，百歲以上不適用。\n\n發佈：\n\n2025-02-04\n\n更新：\n\n2025-02-04\n\n報告編號：\n\n3458\n\n查核記者：\n\n曾慧雯\n\n責任編輯：\n\n陳培煌\n\n發佈：\n\n2025-02-04\n\n報告編號：\n\n3458\n\n記者：\n\n曾慧雯、\n\n責任編輯：\n\n陳培煌\n\n近日有傳言稱「手機最末碼與年齡100%相關」，可以用手機號碼推算出年齡；其實，手機號碼與年齡並無關係，這是設計好的數學算式。\n\n一、數感實驗室及數學教師均表示，傳言內容是設計好的數學算式，主要是利用四則運算把「2025」藏在算式中，再引導民眾減去自己的西元出生年，自然就能得出自己的年齡。例外則是百歲以上不適用。\n\n二、早在2014年即流傳過類似傳言。每一年，傳言裡的數字會跟著西元年的變化而需要調整；例如明年2026年，只要把步驟5的「加1775」改成「加1776」，就可以算出自身年齡。\n\n傳言內容是設計好的數學算式，讓結果剛好等於當年年份（比如今年是2025年）減去民眾出生年就可以得出年齡，並非「手機號碼與年齡100%相關」。因此，為「易生誤解」訊息。\n\n背景\n\n近日社群平台及通訊軟體流傳「2025新版數學遊戲題」，聲稱持有手機的任何人，其年齡與手機號碼100%相關，只要照著6個步驟計算，就能得出一組三位數，百位數是手機最末碼，十位及個位數就是你今年的年齡。\n\n查核\n\n查核點、傳言說法是真的嗎？\n\n（一）查核中心協請數感實驗室共同創辦人、臺灣師範大學電機工程學系副教授賴以威檢視傳言內容。賴以威表示，網路上常見類似數字遊戲，實際上手機號碼與年齡並無關聯，這也不是魔術，而是一套設計好的數學算式，一步步拆解後就會很清楚。\n\n賴以威表示，先假設手機末碼為X，傳言「推算今年的年齡」的目標是要寫出「100X+生日」，計算步驟如乘以2、乘以50，都是為了算出「100X」，而250加上1775則是為了要不著痕跡地得出「2025」這個數字。也就是說，這些數字都是設計好的，但也可以用其他數字替換（例如乘以2、加5、乘以50也可以換成乘以4、加10、乘以25），只要倒推回去想，就比較容易理解了。\n\n不過，賴以威也補充說明，網傳這套算法只適用99歲以下的人，大於100歲就算不準了。\n\n數感實驗室算式拆解及說明如下：\n\n（二）高雄市四維國小數學教師黃馨儀表示，這是一個逆推就可以設計數字的題目。她說，傳言的關鍵是250加上1775得出2025（今年），但又不能直接寫出2025，因此才要用手機末碼乘以2再乘以50（亦即乘以100），利用此障眼法，可讓手機末碼數字落在百位數，且不會影響到十位數及個位數。\n\n黃馨儀解釋，這個題目會跟著西元年的變化而需要調整，例如明年2026年，只要把步驟5的加1775改成1776即可；至於此題的例外就是不適用於百歲以上者。\n\n類似傳言在2014年就流傳過\n\n利用傳言文字搜尋，可發現早在2014年就已流傳過\n\n，只不過當時傳言的步驟5是「加上1764」（2025年則改為「加上1775」），並引導民眾減去自己的西元出生年，算出來的當然就是自己的年齡了。",
        "requires_payment": false
    },
    {
        "tag_name": "FactCheck",
        "section_title": "錯誤、國際",
        "url": "https://tfc-taiwan.org.tw/fact-check-reports/viral-photo-person-not-related-washington-dc-plane-crash/",
        "title": "網傳照片中的人物與華府空難無關",
        "word_count": 1230,
        "keywords": [
            "錯誤",
            "國際"
        ],
        "publish_time": "2025-02-04",
        "fact_check_info": "錯誤",
        "content": "網傳照片「華府空難中的黑鹰飛行員是一名變性人」？\n\n挪用無關人物畫面，非此次空難黑鷹直升機罹難飛行員\n\n發佈：\n\n2025-02-04\n\n更新：\n\n2025-02-04\n\n報告編號：\n\n3459\n\n查核記者：\n\n吳仲安\n\n責任編輯：\n\n陳培煌\n\n發佈：\n\n2025-02-04\n\n報告編號：\n\n3459\n\n記者：\n\n吳仲安、\n\n責任編輯：\n\n陳培煌\n\n華盛頓特區發生黑鷹直升機與客機相撞事故，造成兩機67人全數罹難。事發後，網路流傳大量陰謀論，其中有傳言宣稱事發的黑鷹直升機飛行員是一名跨性別者。不過，傳言指稱的飛行員實際上與此次空難無關。\n\n一、此次空難造成兩機人員全數罹難，其中黑鷹直升機飛行員分別為伊維斯（Andrew Eaves）、歐海拉（Ryan Austin O’Hara）及洛巴赫（Rebecca Lobach）。\n\n二、網傳照片實際為維吉尼亞州的陸軍國民警衛隊黑鷹直升機飛行員艾莉絲（Jo Ellis）；艾莉絲在1月31日發布自拍影片，澄清自己健在，並非此次空難中黑鷹直升機的罹難飛行員。\n\n傳言引用無關人物照片，錯誤宣稱為華府空難黑鷹直升機的罹難飛行員。因此，為「錯誤」訊息。\n\n背景\n\n美國總統川普宣誓就職總統後，簽署一系列行政命令，包括不再推動「多元、公平及包容」（DEI）計畫。\n\n1月29日，華盛頓特區發生空難，一架黑鷹直升機與一架客機相撞，導致兩機67人全部罹難。事發後，川普將此事件歸咎於DEI計畫。網路社群也開始流傳相關傳言，其中有傳言引用女性照片，聲稱圖片是一名跨性別者，正是這次失事的黑鷹直升機飛行員。\n\n查核\n\n查核點：網傳照片女性是此次空難罹難的跨性別黑鷹飛行員？\n\n網傳的女性照片並非此次空難中黑鷹直升機的罹難者\n\n（一）根據《\n\n》報導，黑鷹直升機與客機相撞的空難事故中，直升機中的飛行員分別是39歲來自馬里蘭州的伊維斯（Andrew Eaves）、28歲來自喬治亞州的歐海拉（Ryan Austin O’Hara）以及28歲來自北卡羅來納州的洛巴赫（Rebecca Lobach）。\n\n（二）查核中心以圖反搜，找到網傳照片女性為艾莉絲（Jo Ellis），她於1月31日發布\n\n影片澄清她並非失事黑鷹直升機成員；艾莉絲表示，她是維吉尼亞州陸軍國民警衛隊的黑鷹直升機飛行員，網路傳言錯誤將她與這起空難事故連結一起，以達到某種政治目的，這是對罹難者家屬以及她本人的傷害，「我希望你們都知道，我是活著且健康的，這應該足以讓你們停止這些謠言。」\n\n（三）根據國際查核組織《\n\n》查核、外媒《\n\n》報導，空難事件後網路傳言宣稱黑鷹直升機飛行員之一包括艾莉絲是錯誤資訊，艾莉絲與這起事件完全無關。\n\n《\n\n》也報導，在空難發生後，艾莉絲被在數千則社交媒體貼文中被錯誤認定為華盛頓特區空難事件中的黑鷹直升機機長。這些不實消息迅速蔓延，甚至使得艾莉絲（跨性別女性）在臉書發布「證明自己還活著」的影片，澄清自己並未駕駛失事的直升機，並強調她依然健康。這些謠言將艾莉絲的跨性別身份與此次空難事件扯上關係，並與川普及其支持者將此次空難與所謂的DEI計畫相關聯。然而，並無證據顯示這些計劃與空難事件有任何關聯。",
        "requires_payment": false
    },
    {
        "tag_name": "FactCheck",
        "section_title": "錯誤、生活",
        "url": "https://tfc-taiwan.org.tw/fact-check-reports/tsao-hsingcheng-investment-scam/",
        "title": "網傳曹興誠與他人合作啟動投資計劃為詐騙",
        "word_count": 1282,
        "keywords": [
            "錯誤",
            "生活"
        ],
        "publish_time": "2025-02-04",
        "fact_check_info": "錯誤",
        "content": "網傳報導「曹興誠攜手周皇仁及京城建設旗下天籟投資共同啟動扶曦計劃」？\n\n假冒yahoo! 網頁，並假借冠名曹興誠的投資詐騙\n\n發佈：\n\n2025-02-04\n\n更新：\n\n2025-02-04\n\n報告編號：\n\n3457\n\n查核記者：\n\n陳培煌\n\n責任編輯：\n\n陳偉婷\n\n發佈：\n\n2025-02-04\n\n報告編號：\n\n3457\n\n記者：\n\n陳培煌、\n\n責任編輯：\n\n陳偉婷\n\n網路投資詐騙層出不窮。近期流傳Yahoo!網頁新聞報導，引自《太報》報導，宣稱聯電前董事長曹興誠與他人合作啟動投資計劃。小心！這是投資詐騙的假網頁。\n\n一、網傳報導消息來源是《太報》，但檢視太報官網，沒有找到傳言報導所稱的新聞。另檢索其他台灣主流媒體，均未找到曹興誠與人合作投資的新聞資訊。此外，直接在yahoo!新聞網站檢索，也沒有出現網傳報導。\n\n二、曹興誠辦公室表示，網傳報導是假訊息，曹興誠沒有跟任何人合作投資計畫，這些都是藉曹興誠名義行騙。此外，其他盜用曹興誠照片、關於投資分析或分享的帳號也都是詐騙。\n\n三、檢視網傳報導連結，網址開頭為「news.yalhooo.co/」，並非真正的yahoo!新聞網址「tw.news.yahoo.com/」。\n\n資安專家劉彥伯指出，這是偽裝成yahoo! 新聞的網頁，並非真正的新聞頁面；這是投資詐騙。\n\n傳言報導為假冒yahoo! 新聞網頁，並假借冠名曹興誠的投資詐騙。因此，為「詐騙」訊息。\n\n背景\n\n近期網路流傳yahoo!網頁新聞報導，根據擷圖頁面顯示內容引自《太報》報導，宣稱「曹興誠董事長攜手周皇仁及京城建設旗下的天籟投資共同啟動扶曦計劃」。\n\n查核\n\n查核點：網傳報導曹興誠宣布投資計劃是真的嗎？\n\n這是投資詐騙訊息，曹興誠並沒有跟任何人合作投資計劃\n\n（一）檢視網傳報導內容出自《\n\n》，但經檢索該媒體網站，並未找到「曹興誠董事長攜手周皇仁及京城建設旗下的天籟投資共同啟動扶曦計劃」等傳言報導所稱的新聞內容。\n\n檢索台灣主流媒體，均未找到有網傳報導聲稱的新聞內容。\n\n直接在yahoo!新聞\n\n檢索，也沒有出現網傳報導。\n\n（二）曹興誠辦公室回覆查核中心詢問時表示，網傳報導是假訊息，曹興誠並沒有跟任何人合作投資計畫，這些都是藉曹興誠名義在外詐騙；其他盜用曹興誠照片，關於投資分析或分享的帳號都是詐騙，請民眾切勿相信，以免受騙。\n\n網傳報導並非真實yahoo!新聞網址\n\n查核記者檢視網傳報導連結，網址開頭為「https://news.yalhooo.co/」，並非真正的yahoo!新聞網址「https://tw.news.yahoo.com/」。\n\n專家：網傳報導為假網頁，誘導不知情民眾受騙上當\n\n資安專家劉彥伯協助檢視網傳報導頁面後表示，這是投資詐騙訊息。這類詐騙手法利用中國的免費架站工具製作假網頁，偽裝成知名網站，如網傳的yahoo! 新聞，但實際上並非真正的新聞頁面。\n\n詐騙集團透過搜尋引擎優化（SEO），引導用戶點擊這些假新聞連結，以提升排名，讓人誤以為是可信來源。當網頁流量累積後，便將內容更換為投資詐騙資訊，例如「跟著曹興誠一起投資」等假新聞標題，誘導受害者上當。\n\n查核中心觀察，有LINE投資群組將上述假訊息發布於群組（下圖），假冒曹興誠名義，宣稱投資多少錢就可以立即獲利。",
        "requires_payment": false
    },
    {
        "tag_name": "FactCheck",
        "section_title": "錯誤、健康",
        "url": "https://tfc-taiwan.org.tw/fact-check-reports/free-medicine-for-flu-like-patients-no-rapid-test-needed/",
        "title": "無需自費快篩 類流感患者符合條件即可公費用藥",
        "word_count": 3420,
        "keywords": [
            "錯誤",
            "健康"
        ],
        "publish_time": "2025-02-04",
        "fact_check_info": "錯誤",
        "content": "網傳「診所會誤診流感，造成流感擴大，一定要自費快篩，吃特定抗病毒藥物\n\n」？\n\n類流感患者經醫師診斷，符合資格就能公費用抗病毒藥物\n\n發佈：\n\n2025-02-04\n\n更新：\n\n2025-02-04\n\n報告編號：\n\n3456\n\n查核記者：\n\n馬麗昕、陳偉婷\n\n責任編輯：\n\n陳偉婷\n\n發佈：\n\n2025-02-04\n\n報告編號：\n\n3456\n\n記者：\n\n馬麗昕、陳偉婷\n\n責任編輯：\n\n陳偉婷\n\n藝人大S（徐熙媛）日前因流感併發肺炎於日本病逝。近期媒體報導引述一篇臉書貼文稱「診所會誤診流感，都當感冒處理才會造成流感擴大，一定要自費檢驗，吃抗病毒藥物」，此為誤導訊息。\n\n一、醫師指出，流感症狀比一般感冒嚴重，常伴隨發燒、肌肉酸痛、疲倦等。若病患符合類流感症狀且符合公費用藥資格，不需快篩，醫師即能開立公費抗病毒藥物。民眾無需自費快篩。\n\n二、醫師指出，抗病毒藥物能幫助病患加速復原，政府有提供公費藥物，且目前公費給藥條件寬鬆，不是如傳言所稱一定要吃特定的自費藥物。\n\n三、醫師表示，民眾若有類流感症狀應就醫，應就醫，由醫師協助判斷並給藥。若病症出現危險徵兆，如呼吸困難胸痛意識不清等，更要警覺。\n\n四、公衛專家說，傳言錯誤歸因診所誤診導致流感擴大。快篩會有準確性問題，未必有助防疫。冬季本就是流感好發季節，是否能防治流感仍要看社區接種率，不是因為診所沒有快篩。\n\n傳言內容多有誤導，錯誤稱要自費檢驗才能有抗病毒藥物。因此為「易生誤解」的錯誤訊息。\n\n背景\n\n根據媒體\n\n，藝人大S（徐熙媛）日前因流感併發肺炎於日本逝世。近期社群流傳許多關於流感、疫苗等資訊。\n\n2月3日上午一名匿名網友在臉書公開社團「匿名公社」分享，「流感病毒很恐怖，剛開始是下午發覺怪怪的，喉嚨乾，肺部像是有東西在抓緊你，隔天就出現肌肉痠痛，肺部被抓的更緊了…後來馬上驗出來是流感，選擇自費紓伏效快速藥，把自己救回來了。」\n\n該篇文章也提到，「診所很會誤診流感，流感本身驗出來的機率只有60%左右，不知道是什麼原因，政策還是？診所並不會主動幫驗，都當感冒處理，才會造成流感一直不斷擴大。」也提到得到流感一定要自費驗、吃特定藥物。\n\n該篇臉書貼文引起3千多人按讚，200多次分享。且多家媒體如今周刊、民視新聞網、壹蘋新聞網均引述此篇臉書文章稱是網友個人經驗。\n\n查核\n\n查核點一：網傳內容來源為何？\n\n來自匿名發文 無法得知發文者背景、真實性\n\n檢視媒體引述的內容，是來自臉書公開社團「匿名公社」一名匿名網友在3日早上11點於社團發佈的貼文。無從得知發文者背景、來源，也無法確認貼文真實性。\n\n查核點二：感染流感會有什麼症狀？一定要快篩才能診斷、開藥嗎?\n\n流感非一般感冒 症狀常伴發燒肌肉酸痛 \n\n台灣基層醫療協會理事長林應然說，流感並非是一般感冒，疾病嚴重度也比感冒高。得到流感可能會發燒、發冷、頭痛、全身痠痛不適、疲倦無力，也可能會有常見的呼吸道症狀如流鼻水咳嗽等。流感若嚴重確實可能會併發肺炎，但不是一得到流感就一定會有肺部問題。\n\n根據疾管署\n\n，流感的症狀較一般感冒來得嚴重，容易出現明顯的全身無力、頭痛、發燒，通常症狀發作較突然，痊癒的時間也比一般感冒長，需1-2週才能完全恢復，而且容易引起併發症（如肺炎、腦炎、心肌炎等），甚至導致死亡。所以若出現「一燒（發燒）」、「二痛（頭痛、明顯肌肉痠痛）」、「三疲倦」就須警覺是流感。\n\n流感是由流感病毒引起的急性呼吸道感染疾病。流感病毒有A-D型，其中只有A型及B型可以引起季節性流行。根據疾管署2月3日\n\n，目前社區流感病毒以A型H1N1為主，與本季接種流感疫苗株相符。\n\n診斷流感不一定要快篩 有類流感症狀符合資格都能開藥\n\n振興醫院感染科主治醫師顏慕庸表示，傳言說法有誤，流感並不會難以診斷，也不一定需要快篩。流感的三大類症狀包含高燒、全身肌肉痠痛、咳嗽流鼻水，符合這些症狀就會稱為類流感，在流感季時，只要症狀吻合、家人朋友有類似症狀，臨床就會開給抗病毒藥物，民眾毋需自費快篩。\n\n顏慕庸說，流感快篩的結果並非絕對準確，有4成的陽性病患驗出來會呈現陰性，因此無論篩檢出來的結果是什麼，符合類流感症狀直接治療就是了。\n\n林應然說，對於基層診所來說，不可能對任何感冒症狀都進行快篩檢測，要考量是否有其必要性。通常醫師會根據病患的症狀嚴重程度、發病時程、接觸史等，再決定是否安排流感快篩。此外，什麼時候進行快篩也會影響檢測結果，太早篩、太慢篩，因病毒量不夠都可能檢測不出來，也無必要，反而造成醫療資源浪費。\n\n林應然說，民眾可能會擔心若沒檢測就無法得到抗病毒藥物造成耽誤。因應近期流感疫情，目前醫生只要判定民眾有類流感症狀、相關接觸史，在現在的流感季節都可以開立公費抗病毒藥劑，不需要快篩確診。民眾亦可自行評估選擇自費藥劑。\n\n疾管署副署長曾淑慧3日表示，因應流感疫情高峰，疾管署從2024年12月15日起至2025年2月28日，擴大公費流感抗病毒藥劑使用條件，增列「有類流感症狀，且家人/同事/同班同學有類流感發病者」為使用對象，只要經醫師判斷符合使用條件者，\n\n不需流感快篩，即可開立公費藥劑\n\n。\n\n傳言錯誤歸因誤診導致疫情擴大\n\n台大公衛系教授陳秀熙指出，此篇貼文將流感疫情錯誤歸因到診所快篩，不是因為沒有快篩才造成疫情擴散。流感並非新興傳染病，是季節性傳染病；再者，檢測都會有準確性問題，若過度檢測也會造成醫療資源無法負荷，反而對防疫無幫助。\n\n陳秀熙說，冬季的季節特性本就是流感好發季節，流感是否能控制得住，最重要的是看社區的群體防護力、接種率。\n\n陳秀熙說，今年國際的流感疫情嚴峻，從國際趨勢來看，鄰近國家如韓國、日本、東南亞地區都處於流感疫情巔峰，整個國際社區在COVID-19新冠時代過後，對於呼吸道疾病的群體防護力都不夠。再加上國際頻繁人員交流，自然就造成疫情擴大。\n\n查核點三：得流感一定要吃特定抗病毒藥物才能恢復？\n\n抗病毒藥物能加速復原 但防治流感重點仍是疫苗\n\n顏慕庸表示，每年都會有流感疫情，政府也都會因應疫情準備抗病毒藥物，符合資格者即可公費使用。至於傳言提到的紓伏效，是一款較為昂貴的自費抗病毒藥物，如果民眾有經濟上的考量，使用公費藥物即可，並非如傳言所稱，一定要吃特定藥物。\n\n顏慕庸也說，抗病毒藥物並不是吃了之後病毒馬上消失，而是減輕症狀、好得比較快。近日因為名人過世新聞，可能讓大家擔憂流感，但大家不要因為單一事件過於恐慌。防治流感的重點仍是每年接種流感疫苗，若有類流感症狀，盡速就醫。\n\n林應然說，雖然抗病毒藥物能有效減緩病毒量，幫助病患加速復原。但重點是要吃對時間，通常在發病（可能是發燒）的48小時內吃最有效。若超過48小時吃，效果就會變差。醫師會依據病患的病程跟症狀予以治療。若民眾發現自己感染流感後，出現危險徵兆如：呼吸困難、呼吸急促、胸痛、意識改變、低血壓或高燒持續72小時等，應該儘速就醫。\n\n林應然提醒，近期新聞事件可能讓民眾恐慌，得流感的不舒服程度確實比一般感冒嚴重，但是多數人還是能靠著治療、自體免疫力恢復，流感重症率大約20%。防治流感最重要的還是施打流感疫苗，尤其是長輩、自體免疫疾病患者需要特別注意。若要出國的民眾，因應現在的國際疫情，可選擇自費藥物。\n\n補充資料\n\n目前台灣與國際的流感疫情\n\n疾管署於2月3日舉行記者會，發言人曾淑慧表示，近期台灣流感疫情上升，依據實驗室監測資料，目前台灣社區主要流行的流感病毒為A型 H1N1，與今年流感疫苗病毒株吻合。另依據近年感染流感併發重症和死亡個案統計，今年的流感季累計132例死亡、641例重症，跟過去幾年比有比較高，但低於2019年流感季。重症和死亡個案有9成都沒有接種流感疫苗。\n\n曾淑慧表示，近期日本流感疫情是下降趨勢，高峰落在2024年底。\n\n根據疾管署監測，近期國際疫情香港、美國、加拿大、歐洲疫情均上升，新加坡疫情持平，日本、韓國及中國疫情下降趨勢。這些國家近期流行的流感型別均以A型為多。\n\n公費流感抗病毒藥物使用條件\n\n根據疾管署\n\n，符合流感併發重症、新型A流通報病例、孕婦、未滿5歲及65歲以上類流感患者、確診或疑似流感住院的病患、有重大傷病、免疫不全或有流感高風險慢性病的類流感患者、肥胖的類流感患者以及有類流感症狀且家人/同事/同班同學有類流感發病者（2024年12月15日起至2025年2月28日），可經醫師判斷開給公費流感抗病毒藥物。\n\n哪裡可以打疫苗？\n\n自今年1月1日開始，公費流感疫苗已開放全國年滿6個月以上尚未接種民眾接種。另醫療院所也持續提供自費疫苗接種服務，有需求民眾可自行洽詢。\n\n民眾可先透過各地方政府衛生局網頁、\n\n等查詢鄰近合約醫療院所，再洽電詢問預約。",
        "requires_payment": false
    }
]