[
    {
        "content": "高雄車站\n施工長達20年的高雄車站終於啟用了\n用餐時間出站就看到常常排便當的人龍\n電子看板,呈現著車站的樣貌\n事不宜遲,趕快來看看它的全貌吧\n上到一樓後先沿著步道,走到車站上方的天棚\n也可以騎腳踏車喔\n兩棟漂亮的商販大樓\n可以從上方觀賞車流\n規劃的腳踏車步道\n串聯起東西向的綠園道\n整個從鳳山到新左營總共15公里的綠園道都可以騎車同步\n夜晚搭配燈光真的超美的\n市中心多了一個可以散步休息的地方\n高雄的座上還保留著\n有搭過的應該都30歲以上了吧\n又多了一個可以溜達的好去處\n古今交錯,高雄越來越美了",
        "url": "https://cofacts.tw/article/zef33ZQBYrjt7MSMwIK4",
        "true_or_false": "Fuzzy",
        "according_to": []
    },
    {
        "content": "巧克力可以復原腺臟\n所有的巧克力都含有黑巧克力,除了白巧克力\n黑巧克力其實來自一個植物\n有研究顯示,在植物中的蜂蜜\n能夠激活腺臟\n從你的骨骼,例如蜥蜴和蝴蝶\n進入你的血液,然後它們會找到需要修復的地方\n如果在你的心,它們會修復\n如果在你的肚子,它們會修復\n如果在你的皮膚,它們會修復\n因此,我們可以吃高蜂蜜蜂蜜的食物\n以確保腺臟能夠運作得更好\n60歲的男人患有心臟疾病\n每個月只喝兩杯黑巧克力熱可可\n他們的血液中的蜂蜜腺體數增加了兩倍\n並且他們的流動速度有所改善\n最近完成了一項叫做Cosmos的研究\n顯示吃高蜂蜜可可\n減少了心臟死亡的風險",
        "url": "https://cofacts.tw/article/zOfd25QBYrjt7MSMx4CK",
        "true_or_false": "Fuzzy",
        "according_to": []
    },
    {
        "content": "🧨🧨開始囉！🧨🧨\n平鎮燈區（乙未公園）第一波活動，寫下「愛的小語」，讓告白閃耀燈會✨✨  \n２月７日至１１日徵求愛的小語（可對情人、朋友或家人），有機會出現在情人節當天光雕演出中！還可參加線上抽獎（共50名）🎊🎊\n🎁 獎項：食農故事館餐券、折抵券、‘’月老星君賜良緣‘’喜緣手環（1對）。\n🎁 前２０名另加碼獎項！\n\n👉 趕快點選此連結留言您的愛的小語：https://forms.gle/ogQ2yrAiT5pEp3oi9",
        "url": "https://cofacts.tw/article/wuxl91ft1fp6",
        "true_or_false": "Fuzzy",
        "according_to": []
    }
]