{
    "processed_files": [
        "article_1.json",
        "article_2.json",
        "article_3.json"
    ],
    "update_speed_log": [
        {
            "file": "article_1.json",
            "update_speed_seconds": "00:13:37:04"
        },
        {
            "file": "article_2.json",
            "update_speed_seconds": "00:14:00:00"
        },
        {
            "file": "article_3.json",
            "update_speed_seconds": "00:13:42:51"
        },
        {
            "final_update_speed": "00:13:46:38"
        }
    ]
}