[
{"text": "查核準則", "url": "https://tfc-taiwan.org.tw/about/principle", "submenus": []},
{"text": "我要申訴", "url": "https://tfc-taiwan.org.tw/appeal", "submenus": []},
{"text": "關於我們", "url": "https://tfc-taiwan.org.tw/about/purpose", "submenus": []},
{"text": "聯絡我們", "url": "https://tfc-taiwan.org.tw/contact", "submenus": []},
{"text": "捐款", "url": "https://tfc-taiwan.org.tw/node/10657", "submenus": []},
{"text": "媒體素養", "url": "https://education.tfc-taiwan.org.tw/", "submenus": []},
{"text": "English", "url": "https://tfc-taiwan.org.tw/en", "submenus": [{"text": "About Us", "url": "https://tfc-taiwan.org.tw/en/about-us"}, {"text": "History", "url": "https://tfc-taiwan.org.tw/en/history"}, {"text": "Cover Story", "url": "https://tfc-taiwan.org.tw/en/cover-story"}, {"text": "Latest", "url": "https://tfc-taiwan.org.tw/en/latest"}, {"text": "News Collection", "url": "https://tfc-taiwan.org.tw/articles/category/22/1486"}, {"text": "Annual Report", "url": "https://tfc-taiwan.org.tw/node/9436"}, {"text": "Newsletter", "url": "https://tfc-taiwan.org.tw/articles/9552"}]},
{"text": "About Us", "url": "https://tfc-taiwan.org.tw/en/about-us", "submenus": []},
{"text": "History", "url": "https://tfc-taiwan.org.tw/en/history", "submenus": []},
{"text": "Cover Story", "url": "https://tfc-taiwan.org.tw/en/cover-story", "submenus": []},
{"text": "Latest", "url": "https://tfc-taiwan.org.tw/en/latest", "submenus": []},
{"text": "News Collection", "url": "https://tfc-taiwan.org.tw/articles/category/22/1486", "submenus": []},
{"text": "Annual Report", "url": "https://tfc-taiwan.org.tw/node/9436", "submenus": []},
{"text": "Newsletter", "url": "https://tfc-taiwan.org.tw/articles/9552", "submenus": []},
{"text": "登入", "url": "https://tfc-taiwan.org.tw/user/login?current=frontpage", "submenus": []},
{"text": "查核報告", "url": "https://tfc-taiwan.org.tw/articles/report", "submenus": []},
{"text": "謠言風向球", "url": "https://tfc-taiwan.org.tw/articles/category/242", "submenus": []},
{"text": "議題觀察室", "url": "https://tfc-taiwan.org.tw/articles/category/22/1217", "submenus": []},
{"text": "TOP10", "url": "https://tfc-taiwan.org.tw/articles/category/22/1204", "submenus": []},
{"text": "反詐騙專區", "url": "https://tfc-taiwan.org.tw/topic/8023", "submenus": []},
{"text": "AI識讀", "url": "https://tfc-taiwan.org.tw/topic/8922", "submenus": []},
{"text": "重點專區", "url": "https://tfc-taiwan.org.tw/topics", "submenus": []},
{"text": "名家專欄", "url": "https://tfc-taiwan.org.tw/articles/category/22/2250", "submenus": []},
{"text": "國際視野", "url": "https://tfc-taiwan.org.tw/articles/category/22/23", "submenus": []},
{"text": "最新消息", "url": "https://tfc-taiwan.org.tw/articles/category/22/34", "submenus": []},
{"text": "Podcast", "url": "https://tfc-taiwan.org.tw/articles/category/22/1226", "submenus": []}
]