[
    {
        "tag_name": "產業",
        "section_title": "產業熱點",
        "head_href": "https://money.udn.com/money/cate/5591?from=edn_navibar",
        "articles": [
            {
                "time": "11:09",
                "title": "歐美鋼價漲 中鋼董座黃建智發動員令 中鋼人不可鬆懈",
                "link": "https://money.udn.com/money/story/5612/8528171?from=edn_subcatelist_cate"
            },
            {
                "time": "11:45",
                "title": "鴻海台灣女子職業高爾夫選手錦標賽登場 獎金150萬美元",
                "link": "https://money.udn.com/money/story/5612/8528311?from=edn_subcatelist_cate"
            },
            {
                "time": "02:35",
                "title": "OpenAI 打造 AI 終端裝置取代手機 跨業尬聯發科、高通",
                "link": "https://money.udn.com/money/story/11162/8527483?from=edn_subcatelist_cate"
            }
        ],
        "section_info": {
            "showmore_5612": [
                {
                    "section": "showmore_5612",
                    "article_num": 3
                }
            ]
        }
    },
    {
        "tag_name": "產業",
        "section_title": "科技產業",
        "head_href": "https://money.udn.com/money/cate/5591?from=edn_navibar",
        "articles": [],
        "section_info": {
            "showmore_5612": [
                {
                    "section": "showmore_5612",
                    "article_num": 3
                }
            ],
            "showmore_11162": [
                {
                    "section": "showmore_11162",
                    "article_num": 0
                }
            ]
        }
    },
    {
        "tag_name": "產業",
        "section_title": "綜合產業",
        "head_href": "https://money.udn.com/money/cate/5591?from=edn_navibar",
        "articles": [],
        "section_info": {
            "showmore_5612": [
                {
                    "section": "showmore_5612",
                    "article_num": 3
                }
            ],
            "showmore_11162": [
                {
                    "section": "showmore_11162",
                    "article_num": 0
                }
            ],
            "showmore_10871": [
                {
                    "section": "showmore_10871",
                    "article_num": 0
                }
            ]
        }
    },
    {
        "tag_name": "產業",
        "section_title": "AI社會新挑戰",
        "head_href": "https://money.udn.com/money/cate/5591?from=edn_navibar",
        "articles": [],
        "section_info": {
            "showmore_5612": [
                {
                    "section": "showmore_5612",
                    "article_num": 3
                }
            ],
            "showmore_11162": [
                {
                    "section": "showmore_11162",
                    "article_num": 0
                }
            ],
            "showmore_10871": [
                {
                    "section": "showmore_10871",
                    "article_num": 0
                }
            ],
            "showmore_124256": [
                {
                    "section": "showmore_124256",
                    "article_num": 0
                }
            ]
        }
    },
    {
        "tag_name": "國際",
        "section_title": "美國新聞",
        "head_href": "https://money.udn.com/money/cate/5588?from=edn_navibar",
        "articles": [
            {
                "time": "11:54",
                "title": "川普將赴超級盃現場觀戰 美國史上首位在位總統",
                "link": "https://money.udn.com/money/story/10511/8528333?from=edn_subcatelist_cate"
            },
            {
                "time": "11:36",
                "title": "川普重啟對伊朗嚴厲施壓 欲將其石油出口降至零",
                "link": "https://money.udn.com/money/story/10511/8528283?from=edn_subcatelist_cate"
            },
            {
                "time": "11:21",
                "title": "川普承諾訪問加薩 尼坦雅胡：以色列最棒盟友",
                "link": "https://money.udn.com/money/story/10511/8528216?from=edn_subcatelist_cate"
            },
            {
                "time": "14:00",
                "title": "貿易戰雷聲大雨點小？市場給出 3 啟示 專家說美中協商可能這樣發展",
                "link": "https://money.udn.com/money/story/122381/8526228?from=edn_subcatelist_cate"
            }
        ],
        "section_info": {
            "showmore_10511": [
                {
                    "section": "showmore_10511",
                    "article_num": 4
                }
            ]
        }
    },
    {
        "tag_name": "要聞",
        "section_title": "政經焦點",
        "head_href": "https://money.udn.com/money/cate/10846?from=edn_navibar",
        "articles": [
            {
                "time": "11:54",
                "title": "上帝的歌聲 波伽利將成首登大巨蛋開唱西洋歌手",
                "link": "https://money.udn.com/money/story/7307/8528334?from=edn_subcatelist_cate"
            },
            {
                "time": "11:45",
                "title": "藍營遞交吳沛憶罷免提議書  中選會預計3/2審定完畢",
                "link": "https://money.udn.com/money/story/7307/8528314?from=edn_subcatelist_cate"
            },
            {
                "time": "11:45",
                "title": "遭質疑持有綠卡  李彥秀：沒綠卡也沒申請過",
                "link": "https://money.udn.com/money/story/7307/8528315?from=edn_subcatelist_cate"
            },
            {
                "time": "11:36",
                "title": "2月9日補班隔天 高公局：國5照常實施高乘載管制",
                "link": "https://money.udn.com/money/story/7307/8528282?from=edn_subcatelist_cate"
            },
            {
                "time": "11:30",
                "title": "台南因應全中運提前開學  黃偉哲籲落實防疫措施",
                "link": "https://money.udn.com/money/story/7307/8528257?from=edn_subcatelist_cate"
            },
            {
                "time": "11:21",
                "title": "武陵農場櫻花季將登場 紅粉佳人預估2月中旬盛開",
                "link": "https://money.udn.com/money/story/122328/8528218?from=edn_subcatelist_cate"
            },
            {
                "time": "11:18",
                "title": "真人版「航海王2」殺青！最強漫改回歸倒數　全球矚目",
                "link": "https://money.udn.com/money/story/122328/8528195?from=edn_subcatelist_cate"
            },
            {
                "time": "12:34",
                "title": "1月 CCI 投資股票指數重挫 學者：未來幾個月台股都不會太好",
                "link": "https://money.udn.com/money/story/10869/8523855?from=edn_subcatelist_cate"
            }
        ],
        "section_info": {
            "showmore_7307": [
                {
                    "section": "showmore_7307",
                    "article_num": 8
                }
            ]
        }
    }
]